Categoria,Anio,Comentarios,Likes,Rating,Nombre,Views
"Accion,Comedia,Crimen",2020,0,1,7.0,Aves de Presa (y la Fantabulosa Emancipacion de Harley Quinn) (2020),29134
"Animacion,Familia",2014,0,0,6.7,Campanilla: Hadas y Piratas (2014),1912
"Animacion,Comedia,Aventura,Fantasía,Familia",2019,0,0,7.0,Mr. Link: El origen perdido (2019),2209
"Drama,Aventura",2014,0,1,5.6,Noe (2014),2520
"Documental,Drama",2014,0,0,6.5,Manny (2014),1208
"Suspense,Crimen,Drama,Misterio",2014,0,0,6.6,Matar al mensajero (2014),786
"Comedia,Suspense,Misterio",2015,0,0,5.6,Kill Me Three Times (2015),1522
"Familia,Fantasía,Terror",2014,0,0,5.4,Fantasmas a Mogollon 2: Mi amiga fantasmagorica (2014),889
Drama,2014,0,0,5.6,"No llores, vuela (2014)",878
"Comedia,Drama,Misterio",2015,0,0,5.9,Mientras seamos jovenes (2015),731
Drama,2014,0,0,7.5,Selma (2014),490
"Accion,Aventura,Drama",2014,0,0,7.7,"Kenshin, el guerrero samurai 3: El fin de la leyenda (2014)",790
Drama,2014,0,0,5.6,Serena (2014),1168
"Comedia,Aventura,Familia",2014,0,0,7.1,Paddington (2014),953
"Fantasía,Comedia,Drama",2014,0,0,5.7,Con la magia en los zapatos (2014),1624
"Accion,Aventura",2013,0,0,5.7,La leyenda de Ragnarok (2013),758
"Drama,Comedia",2014,0,0,6.2,Top cinco (2014),242
"Fantasía,Suspense,Drama",2015,0,0,5.9,Lost River (2015),578
"Accion,Cienciaficcion,Drama",2013,0,0,6.8,Rompenieves (2013),730
"Drama,Romance",2014,0,0,7.3,Lo mejor de mi (2014),1644
"Suspense,Accion,Cienciaficcion",2014,0,0,5.0,Anomalia (2014),1816
"Accion,Suspense,Cienciaficcion",2012,0,0,6.8,Looper (2012),291
"Aventura,Comedia,Drama,Fantasía",2013,0,0,7.1,La vida secreta de Walter Mitty (2013),260
"Accion,Terror,Suspense",2012,0,0,4.8,The Hunt (2012),517
"Suspense,Terror",2014,0,0,4.8,Piedad (de Stephen King) (2014),1784
"Familia,Animacion,Aventura,Comedia",2012,0,0,6.8,El alucinante mundo de Norman (2012),290
"Terror,Suspense",2012,0,0,5.8,La casa al final de la calle (2012),394
"Comedia,Crimen",2014,0,0,6.3,Las Voces (2014),692
"Drama,Romance",2013,0,0,5.6,Navidad en Conway (2013),68
"Animacion,Drama,Familia,Fantasía",2012,0,0,8.2,Los ninios lobo (2012),322
"Drama,Suspense,Comedia",2014,0,0,7.8,Relatos salvajes (2014),860
"Animacion,Familia",2013,0,0,6.1,Turbo (2013),569
"Accion,Fantasía,Aventura,Comedia",2013,0,0,6.9,Journey to the West: Conquering the Demons (2013),571
"Misterio,Suspense,Drama",2014,0,0,7.9,Perdida (2014),1410
"Accion,Aventura,Romance,Cienciaficcion,Suspense",2013,0,0,6.2,La huesped (2013),836
Comedia,2014,0,0,5.3,Tammy (2014),1483
"Crimen,Drama,Suspense",2012,0,0,6.5,Colosio: El asesinato (2012),71
Drama,2013,0,0,6.1,Lovelace (2013),217
Drama,2014,0,0,7.4,Testamento de juventud (2014),340
"Accion,Crimen",2013,0,0,5.1,Tiempo en Contra (2013),155
"Terror,Suspense",2012,0,0,6.1,The Collection (2012),355
"Accion,Drama,Crimen",2012,0,0,6.3,四大名捕 (2012),108
"Animacion,Accion,Cienciaficcion",2012,0,0,5.7,Starship Troopers: Invasion (2012),273
"Crimen,Comedia",2013,0,0,6.5,El postre de la alegria (Paulette) (2013),117
"Accion,Suspense",2013,0,0,6.3,Objetivo: La Casa Blanca (2013),599
"Animacion,Comedia,Aventura,Familia,Cienciaficcion",2013,0,0,5.8,Escape del planeta Tierra (2013),249
Animacion,2013,0,0,4.2,El reino de las ranas (2013),63
Drama,2012,0,0,6.0,La vida precoz y breve de Sabina Rivas (2012),247
"Accion,Drama",2012,0,0,5.4,Tipo duro (2012),176
"Comedia,Familia",2013,0,0,4.6,Alone for Christmas (2013),69
Drama,2012,0,0,6.8,Lincoln (2012),81
Drama,2012,0,0,6.5,Hitchcock (2012),34
"Suspense,Cienciaficcion,Drama",2014,0,0,6.1,Under the skin (2014),264
"Terror,Misterio,Suspense",2012,0,0,5.6,El pacto (2012),283
"Romance,Drama",2013,0,0,7.5,Antes del anochecer (2013),331
"Accion,Drama",2013,0,0,6.2,Ip Man: La pelea final (2013),252
"Suspense,Terror,Drama,Fantasía",2013,0,0,6.2,Cuernos (2013),635
Drama,2014,0,0,7.0,Big Eyes (2014),134
"Accion,Aventura,Familia,Drama",2014,0,0,6.4,Street Fighter : Assassin's Fist (2014),1566
"Accion,Drama",2013,0,0,5.9,Stalingrado (2013),381
"Accion,Crimen",2014,0,0,5.2,Redentor (2014),991
Drama,2014,0,0,7.5,Siempre Alice (2014),154
"Comedia,Romance,Crimen,Drama,Misterio",2014,0,0,6.6,Puro Vicio (2014),1147
"Comedia,Terror,Suspense,Misterio",2012,0,0,5.0,"Noche de paz, noche de muerte (2012)",176
"Crimen,Drama,Suspense,Accion",2012,0,0,6.4,Jack Reacher (2012),264
"Drama,Romance",2012,0,0,7.4,Un asunto real (2012),191
"Música,Comedia",2014,0,0,7.5,¿Que le dijiste a Dios? (2014),93
"Accion,Cienciaficcion",2012,0,0,6.7,Dredd (2012),340
"Aventura,Drama,Accion",2014,0,0,5.8,Exodus: Dioses y reyes (2014),610
"Crimen,Suspense",2012,0,0,6.0,Matalos suavemente (2012),219
Animacion,2012,0,0,6.5,Rodencia y el diente de la princesa (2012),42
"Comedia,Familia",2012,0,0,5.6,Un chihuahua en Beverly Hills 3: ¡Que viva la fiesta! (2012),252
Terror,2012,0,0,4.1,Puppet Master X: Axis Rising (2012),122
"Suspense,Drama,Accion",2013,0,0,6.9,Madras Cafe (2013),196
Comedia,2013,0,0,6.4,Plan en Las Vegas (2013),306
"Accion,Drama",2012,0,0,6.8,Perdidos en la nieve (2012),118
"Comedia,Música,Romance,Drama",2013,0,0,7.2,Begin Again (2013),448
"Comedia,Romance",2013,0,0,4.3,American Idiots (2013),670
"Crimen,Suspense",2013,0,0,6.7,La ultima llamada (2013),164
"Accion,Cienciaficcion",2012,0,0,2.8,Mantera (2012),238
"Accion,Terror",2012,0,0,4.1,Cazador de demonios (2012),379
"Accion,Drama,Suspense",2012,0,0,5.8,The Viral Factor (2012),83
Documental,2011,0,0,7.2,Michael Jackson: La vida de un idolo (2011),111
"Accion,Comedia,Crimen,Suspense",2013,0,0,6.5,RED 2 (2013),541
Accion,2013,0,0,6.9,四大名捕2 (2013),325
"Drama,Suspense",2013,0,0,6.5,Horas desesperadas (Cuenta atras) (2013),275
"Drama,Accion,Suspense",2013,0,0,6.6,Mi vida ahora (2013),180
Romance,2013,0,0,5.3,Paraiso (2013),129
"Drama,Misterio",2013,0,0,6.4,El cuento numero trece (2013),194
Documental,2013,0,0,7.4,The Short Game (2013),75
"Accion,Aventura,Terror,Suspense",2014,0,0,5.3,El infierno verde (2014),1105
"Comedia,Drama",2013,0,0,6.0,Tercera llamada (2013),123
"Drama,Comedia",2014,0,0,6.4,Samba (2014),231
"Animacion,Familia",2012,0,2,6.4,Lorax. En busca de la trufula perdida (2012),328
"Drama,Comedia,Romance",2012,0,0,7.0,The First Time (2012),481
"Accion,Comedia",2012,0,0,6.1,Peso pesado (2012),388
"Animacion,Familia,Fantasía,Aventura",2012,0,1,6.9,Campanilla: El secreto de las hadas (2012),528
"Drama,Familia,Comedia",2012,0,0,5.7,Amienemigos (2012),113
"Animacion,Aventura,Comedia,Familia",2012,0,0,5.1,Dinosaurios (2012),115
"Animacion,Aventura,Familia",2012,0,0,4.0,Los Ilusionautas (2012),88
"Comedia,Crimen,Familia",2012,0,0,5.0,Solo en casa 5 (2012),191
"Animacion,Familia",2012,0,0,5.1,Gladiatori di Roma (2012),110
"Animacion,Aventura,Familia,Fantasía",2013,0,0,6.4,Epic: El mundo secreto (2013),649
"Drama,Aventura",2013,0,0,7.5,Nebraska (2013),74
Comedia,2012,0,0,5.7,Si fuera facil (2012),232
"Cienciaficcion,Suspense,Terror",2013,0,0,5.3,Los ultimos dias en Marte (2013),567
"Accion,Aventura,Crimen",2013,0,0,5.8,Cruzando el limite (2013),334
Accion,2013,0,0,5.6,ブシドーマン (2013),322
Drama,2012,0,0,7.2,The Master (2012),176
"Suspense,Comedia,Accion",2013,0,0,5.9,Tipos legales (2013),164
"Accion,Terror",2012,0,0,4.3,Dead Mine (2012),252
"Crimen,Accion,Suspense",2012,0,0,6.3,Sin frenos (2012),100
"Terror,Accion,Suspense",2011,0,0,5.6,El sicario de Dios (2011),406
"Aventura,Accion,Crimen,Misterio",2011,0,1,7.1,Sherlock Holmes: Juego de sombras (2011),371
"Aventura,Accion,Cienciaficcion",2011,0,0,5.4,Ra.One (2011),647
"Animacion,Familia",2011,0,0,6.6,Los Juegos de la Hondonada de las Hadas (2011),142
Suspense,2013,0,0,6.3,Los protectores (2013),210
"Comedia,Crimen",2013,0,0,5.8,Por la cara (2013),349
Drama,2013,0,0,6.2,La religiosa (2013),135
"Crimen,Drama,Romance",2013,0,0,6.6,Heli (2013),336
Drama,2013,0,0,5.9,Violette (2013),78
"Animacion,Familia,Aventura",2013,0,0,5.5,Caminando entre dinosaurios (2013),639
Drama,2013,0,0,6.3,Libertador (2013),227
"Accion,Fantasía,Terror",2012,0,0,5.6,Abraham Lincoln: Cazador de vampiros (2012),655
Suspense,2013,0,0,5.2,Carrera infernal (2013),263
"Accion,Suspense",2012,0,0,6.4,El invitado (2012),358
"Accion,Aventura",2013,0,0,5.5,12 trampas 2 (2013),607
"Comedia,Romance,Fantasía,Drama",2012,0,0,7.1,Ruby Sparks (2012),174
"Accion,Comedia",2012,0,0,6.0,Peligrosamente infiltrada (2012),297
"Accion,Drama,Suspense",2013,0,1,7.6,Capitan Phillips (2013),224
Terror,2014,0,0,6.4,Oculus: el espejo del mal (2014),469
Terror,2013,0,0,4.9,The ABCs of Death (2013),427
"Comedia,Terror",2013,0,0,4.9,Equipo paranormal (2013),463
"Romance,Comedia,Drama",2013,0,0,6.3,El destino se equivoco (2013),542
"Terror,Suspense",2013,0,0,5.1,Contracted (2013),450
Accion,2013,0,0,4.4,Zanjeer (2013),127
"Animacion,Familia,Comedia",2013,0,0,6.4,Lluvia de albondigas 2 (2013),427
"Accion,Crimen",2013,0,0,6.4,Shootout at Wadala (2013),255
"Accion,Suspense,Crimen,Misterio",2012,0,0,5.2,En la mente del asesino (2012),272
"Drama,Comedia",2013,0,0,6.3,Esos anios felices (2013),152
"Animacion,Comedia,Familia",2011,0,1,5.6,Hop (2011),261
"Familia,Comedia",2012,0,0,6.8,Lotoman 2.0 (2012),86
"Drama,Accion,Suspense,Crimen",2012,0,0,6.1,Schutzengel (2012),74
"Comedia,Animacion,Aventura,Familia",2012,0,0,5.6,Zambezia (2012),196
"Aventura,Drama",2011,0,1,6.1,La legion del aguila (2011),112
"Drama,Romance",2011,0,0,4.6,Q (Desire) (2011),414
"Drama,Cienciaficcion,Misterio",2012,0,0,5.5,Atlas Shrugged: Part II (2012),162
Drama,2011,0,0,7.1,Magia mas alla de las palabras (2011),73
"Drama,Cienciaficcion",2011,0,1,6.7,Otra tierra (2011),308
Música,2013,0,0,6.7,Metallica: Through the Never (2013),155
Drama,2013,0,0,7.9,Dallas Buyers Club (2013),107
"Accion,Suspense",2013,0,0,6.5,El protector (2013),1779
Comedia,2013,0,0,6.8,No se si cortarme las venas o dejarmelas largas (2013),157
"Terror,Suspense,Misterio",2013,0,0,6.0,Tumba Abierta (2013),544
"Accion,Cienciaficcion",2013,0,0,4.2,Soldados de hielo (2013),567
"Accion,Crimen",2013,0,0,5.0,Ejecucion extrema (2013),284
"Suspense,Misterio,Terror,Drama",2013,0,0,4.9,Mi otro yo (2013),641
"Terror,Suspense",2013,0,0,4.9,La enfermera (2013),552
Drama,2013,0,0,7.7,"Buenos dias, Ramon (2013)",224
Drama,2013,0,0,6.7,La jaula de oro (2013),106
Terror,2013,0,0,4.8,Nada Que Temer (2013),727
"Comedia,Drama",2013,0,0,7.0,Blue Jasmine (2013),159
"Accion,Drama,Comedia",2013,0,0,7.2,"Secretly, Greatly (2013)",247
"Animacion,Familia",2013,0,0,5.6,Tom y Jerry: Una aventura colosal (2013),153
"Animacion,Aventura,Familia",2013,0,0,5.7,Khumba (2013),232
"Accion,Suspense",2013,0,0,5.4,Codigo de defensa (2013),234
"Drama,Suspense,Accion",2013,0,0,5.8,Asalto en Wall Street (2013),573
"Animacion,Accion,Comedia,Familia",2011,0,0,6.0,El complot de Mega-Megamind (2011),273
"Drama,Suspense",2012,0,0,6.6,El ladron de palabras (2012),105
"Familia,Comedia,Accion",2011,0,0,4.7,Spy Kids 4: Todo el tiempo del mundo (2011),71
Comedia,2013,0,0,5.5,Peeples (2013),141
"Comedia,Romance,Familia",2011,0,0,5.4,Zooloco (2011),138
Documental,2011,0,0,7.6,Urbanized (el disenio de las ciudades) (2011),22
"Comedia,Romance",2011,0,0,6.4,Dime con cuantos (2011),591
"Suspense,Cienciaficcion,Misterio",2011,0,0,7.2,Codigo fuente (2011),222
"Drama,Comedia",2011,0,0,7.3,Lemonade Mouth (2011),108
"Animacion,Familia,Aventura,Comedia,Fantasía",2011,0,0,5.7,Los pitufos (2011),238
"Comedia,Drama",2013,0,0,7.4,Al encuentro de Mr. Banks (2013),152
"Fantasía,Familia,Comedia,Animacion",2013,0,0,5.7,Los pitufos 2 (2013),457
Drama,2013,0,0,7.5,La gran belleza (2013),145
Terror,2013,0,0,4.7,The Penny Dreadful Picture Show (2013),365
"Crimen,Drama",2013,0,0,5.7,Acorralado (2013),104
"Fantasía,Terror,Accion",2013,0,1,5.9,Hansel & Gretel: Cazadores de brujas (2013),1453
"Accion,Crimen,Drama,Suspense",2011,0,0,4.8,Setup (2011),175
"Accion,Aventura,Suspense",2011,0,0,6.2,Asesinos de elite (2011),250
Drama,2011,0,0,7.0,La otra familia (2011),80
"Drama,Romance",2011,0,0,7.3,With Every Hearbeat (2011),311
"Terror,Suspense,Cienciaficcion",2011,0,1,5.0,Apollo 18 (2011),347
"Accion,Comedia",2011,0,0,6.0,Un golpe de altura (2011),133
"Animacion,Aventura,Comedia,Familia",2011,0,0,6.6,Rio (2011),445
"Comedia,Drama",2011,0,0,7.1,Armados y cabreados (2011),55
"Terror,Suspense",2011,0,0,4.3,Los chicos del maiz: Genesis (2011),143
Drama,2010,0,0,7.0,Secretariat (2010),77
"Terror,Comedia",2010,0,0,5.1,Saint (2010),157
"Accion,Aventura,Comedia,Crimen,Suspense",2010,0,0,6.6,RED (2010),295
"Drama,Romance",2012,0,0,6.7,Un domingo en Tiffany's (2012),78
"Drama,Accion,Crimen",2010,0,0,7.7,Tropa de elite 2 (2010),254
"Terror,Misterio,Suspense",2010,0,0,5.9,La trampa del mal (2010),214
Drama,2010,0,0,7.3,Biutiful (2010),38
"Terror,Suspense",2011,0,0,4.9,Tiburon 3D: La presa (2011),210
"Drama,Accion",2010,0,0,6.7,Ip Man. La leyenda (2010),170
Drama,2010,0,0,7.3,En un mundo mejor (2010),36
"Terror,Suspense",2010,0,0,6.2,Secuestrados (2010),231
"Terror,Suspense,Misterio",2011,0,0,6.5,Tu eres el siguiente (2011),277
Drama,2010,0,0,6.9,Winter's Bone (2010),82
"Drama,Romance",2011,0,0,6.9,Agua para elefantes (2011),159
"Comedia,Drama,Fantasía",2010,0,0,6.7,El tio Boonmee que recuerda sus vidas pasadas (2010),51
"Drama,Fantasía,Romance",2011,0,0,6.2,El corazon de la bestia (2011),334
"Accion,Suspense,Cienciaficcion,Aventura",2011,0,0,6.1,Soy el numero cuatro (2011),281
"Accion,Crimen,Suspense",2010,0,0,6.5,22 balas (2010),253
"Fantasía,Suspense,Terror",2011,0,1,5.9,Caperucita roja (2011),389
"Drama,Comedia",2010,0,0,6.7,Abel (2010),35
"Comedia,Documental,Accion",2011,0,0,6.1,Jackass 3.5 (2011),226
"Comedia,Drama,Romance",2010,0,0,5.9,Conoceras al hombre de tus suenios (2010),106
Comedia,2011,0,0,4.3,Bucky Larson: Nacido para ser una estrella (2011),60
Drama,2010,0,0,7.7,El discurso del rey (2010),54
"Drama,Comedia,Romance",2011,0,0,7.4,The Artist (2011),66
"Drama,Misterio",2010,0,0,8.1,Incendies (2010),43
"Drama,Romance",2011,0,0,6.5,Restless (2011),106
"Cienciaficcion,Accion",2009,0,2,6.0,Push (2009),817
"Suspense,Terror",2009,0,0,6.1,Exorcismo en Connecticut (2009),659
"Drama,Accion",2010,0,0,7.3,La fortaleza de Brest (2010),60
"Aventura,Comedia,Romance",2011,0,0,6.3,Montecarlo (2011),484
"Aventura,Accion,Suspense,Cienciaficcion",2011,0,0,5.1,Linterna Verde (2011),402
"Comedia,Crimen",2011,0,0,6.5,Como acabar con tu jefe (2011),91
"Drama,Suspense",2010,0,0,5.9,Frankie y Alice (Mente criminal) (2010),29
Drama,2009,0,0,6.5,La teta asustada (2009),405
"Suspense,Drama,Terror",2011,0,0,7.1,Take Shelter (2011),169
"Comedia,Drama,Romance",2009,0,0,5.7,Un hombre solitario (2009),175
Comedia,2009,0,0,5.3,Fuga de cerebros (2009),308
"Suspense,Accion,Misterio",2011,0,0,5.8,Sin salida (2011),209
"Comedia,Romance",2011,0,0,5.5,Carta blanca (2011),155
Drama,2011,0,0,6.9,Circunstancia (2011),52
Drama,2011,0,0,7.0,"Tan fuerte, tan cerca (2011)",51
Romance,2011,0,0,5.6,"Ayer, hoy y maniana (2011)",108
"Drama,Música,Romance",2011,0,0,6.6,Footloose (2011),206
"Animacion,Familia",2011,0,1,6.9,Winnie the Pooh (2011),106
"Drama,Romance",2011,0,0,6.5,Como locos (2011),230
"Aventura,Comedia,Cienciaficcion",2011,0,1,6.5,Paul (2011),479
"Drama,Accion",2011,0,0,7.7,My Way (2011),149
"Terror,Comedia",2011,0,1,6.1,Noche de miedo (Fright Night) (2011),179
"Drama,Accion",2011,0,0,7.3,Warriors of the Rainbow: Seediq Bale (version internacional) (2011),120
"Comedia,Familia",2011,0,0,5.8,Los pingüinos del Sr. Poper (2011),170
"Documental,Música,Familia",2011,0,0,5.2,Justin Bieber: Never Say Never (2011),88
Accion,2011,0,0,6.0,Nacido Para Correr (2011),124
"Aventura,Familia",2011,0,0,5.9,La guerra de los botones (2011),76
"Animacion,Comedia,Familia",2011,0,1,6.0,Happy Feet 2 (2011),167
"Romance,Drama",2011,0,0,7.4,El San Valentin perdido (2011),62
"Familia,Comedia",2011,0,0,8.3,Lotoman (2011),57
"Animacion,Familia,Comedia",2011,0,0,6.9,Toy Story Toons: Vacaciones en Hawaii (2011),196
"Drama,Suspense,Crimen,Misterio",2011,0,0,6.6,Inocentes perdidos (2011),60
"Accion,Cienciaficcion,Suspense,Western",2011,0,0,5.5,Cowboys & Aliens (2011),206
"Drama,Suspense,Cienciaficcion,Misterio",2011,0,0,5.3,Atlas Shrugged: Part I (2011),213
"Accion,Suspense,Crimen",2011,0,0,6.6,El soldado de Dios (2011),229
"Drama,Accion,Suspense",2011,0,0,7.1,Guerra de flechas (2011),127
"Drama,Cienciaficcion",2011,0,0,7.2,Melancolia (2011),115
"Crimen,Drama",2011,0,0,6.9,Los lioneses (2011),52
"Drama,Accion",2011,0,1,7.2,War Horse (Caballo de batalla) (2011),167
"Comedia,Familia",2011,0,0,5.1,Un chihuahua en Beverly Hills 2 (2011),81
"Accion,Drama,Suspense",2011,0,0,4.8,Borgriki (2011),51
"Comedia,Romance",2012,0,0,5.8,Un plan perfecto (Amigos con hijos) (2012),76
Comedia,2011,0,0,5.0,Un desmadre de viaje (2011),200
"Terror,Suspense",2011,0,0,5.5,Los huespedes (2011),158
"Drama,Familia",2013,0,0,4.3,La Navidad vuelve a Canaan (2013),28
"Animacion,Familia",2011,0,0,6.2,Ice Age Navidades heladas (2011),100
"Drama,Fantasía",2011,0,0,6.6,El arbol de la vida (2011),172
"Crimen,Accion,Suspense",2011,0,0,5.8,Hobo with a Shotgun (2011),28
"Terror,Cienciaficcion,Misterio,Suspense",2011,0,0,6.1,La cosa (The Thing) (2011),235
"Familia,Música",2011,0,0,5.8,La fabulosa aventura de Sharpay (2011),89
"Romance,Comedia",2011,0,0,6.6,Con derecho a roce (2011),263
"Comedia,Fantasía,Animacion,Drama,Familia",2012,0,0,7.6,Una carta para Momo (2012),144
"Accion,Suspense,Crimen,Drama",2011,0,0,6.5,Colombiana (2011),142
"Comedia,Romance",2011,0,0,6.5,La boda de mi mejor amiga (2011),237
"Drama,Suspense",2011,0,0,7.6,Tenemos que hablar de Kevin (2011),84
"Animacion,Aventura,Drama,Fantasía",2011,0,0,7.1,Viaje a Agartha (2011),157
"Animacion,Comedia,Drama",2009,0,0,7.8,Mary and Max (2009),254
Drama,2010,0,0,6.1,"Come, reza, ama (2010)",88
"Drama,Crimen",2011,0,0,6.2,J. Edgar (2011),79
Drama,2009,0,0,4.3,Gloves of Stone (2009),80
"Cienciaficcion,Drama",2009,0,0,7.6,Moon (2009),176
"Terror,Suspense",2010,0,0,6.7,Los ojos de Julia (2010),254
,2010,0,0,3.8,El Paseo (2010),32
"Drama,Suspense,Accion,Aventura",2012,0,0,6.5,Infierno blanco (2012),262
"Comedia,Romance",2010,0,0,5.6,Ahora los padres son ellos (2010),208
"Comedia,Terror",2010,0,0,5.3,Pirania 3D (2010),411
"Cienciaficcion,Suspense,Romance",2011,0,0,6.7,Destino oculto (2011),160
"Drama,Romance,Cienciaficcion",2010,0,0,6.8,Nunca me abandones (2010),231
"Comedia,Documental,Accion",2010,0,0,6.3,Jackass 3D (2010),229
"Animacion,Familia",2010,0,1,7.6,Enredados (2010),380
"Comedia,Música",2010,0,0,6.2,Camp Rock 2: The Final Jam (2010),194
"Aventura,Drama,Accion",2012,0,0,7.3,La vida de Pi (2012),274
"Comedia,Fantasía,Familia",2010,0,0,6.2,La niniera magica y el Big Bang (2010),168
"Drama,Suspense,Terror",2010,0,0,7.6,Cisne negro (2010),348
"Drama,Romance",2010,0,0,7.3,Elena Undone (2010),236
"Accion,Suspense",2010,0,0,5.6,Gun (2010),136
"Terror,Drama,Suspense",2010,0,0,5.6,El ultimo exorcismo (2010),437
"Animacion,Crimen,Misterio,Fantasía",2010,0,0,6.4,DC Showcase: The Spectre (2010),117
"Comedia,Drama",2010,0,0,6.6,Los chicos estan bien (2010),53
"Crimen,Drama,Suspense",2010,0,0,6.6,Puedes confiar en mi (2010),102
Drama,2009,0,0,6.8,"Coco, de la rebeldia a la leyenda de Chanel (2009)",72
"Accion,Drama,Terror,Misterio,Suspense",2010,0,0,5.9,Black Death (2010),166
"Drama,Suspense,Cienciaficcion",2010,0,0,6.2,Monsters (2010),213
"Drama,Romance",2010,0,0,6.9,Siempre a mi lado (2010),280
"Accion,Comedia",2010,0,0,6.4,Blanco escurridizo (2010),82
"Comedia,Drama",2010,0,0,8.5,"Cheila, una casa pa’ Maita (2010)",75
Documental,2010,0,0,8.1,Pesadilla en Elm Street: Desde dentro (2010),53
"Suspense,Aventura,Fantasía",2009,0,0,5.8,Miedos (2009),159
"Drama,Romance",2010,0,0,6.0,Habitacion en Roma (2010),258
"Drama,Comedia",2010,0,0,4.5,El elegido (2010),117
"Comedia,Drama,Romance",2010,0,0,5.4,The Four-Faced Liar (2010),174
"Drama,Accion,Romance",2010,0,0,6.0,Kites (2010),96
"Drama,Comedia,Romance",2010,0,0,6.9,Amor y otras drogas (2010),551
"Animacion,Familia,Aventura,Fantasía",2009,0,0,6.6,Campanilla y el Tesoro Perdido (2009),218
"Accion,Aventura,Cienciaficcion,Suspense",2009,0,1,4.0,Street Fighter: La leyenda (2009),279
"Accion,Comedia,Suspense",2010,0,0,6.3,Machete (2010),88
"Drama,Suspense",2010,0,0,6.6,Caza a la espia (2010),54
Drama,2009,0,0,7.9,Oraciones para Bobby (2009),72
"Terror,Cienciaficcion",2010,0,0,4.9,La resistencia de los muertos (2010),239
"Terror,Suspense",2010,0,0,5.8,Paranormal Activity: Tokyo Night (2010),230
Comedia,2010,0,0,4.1,Hincame el diente (2010),121
"Accion,Aventura,Animacion",2010,0,0,7.2,La Liga de la Justicia: Crisis en dos tierras (2010),190
"Drama,Comedia,Romance,Familia,Fantasía",2010,0,0,6.7,Un Golpe Del Destino (2010),244
"Crimen,Drama",2010,0,0,7.1,Pan Negro (2010),47
Terror,2009,0,0,5.2,Colinas sangrientas (2009),249
"Comedia,Familia",2010,0,0,6.3,Ramona y su hermana (2010),112
"Accion,Aventura,Animacion,Terror",2010,0,1,6.0,Dante's Inferno (2010),532
"Comedia,Drama,Familia",2009,0,1,6.5,Programa de Proteccion de Princesas (2009),560
"Animacion,Familia,Fantasía",2009,0,0,7.5,El secreto del libro de Kells (2009),119
Drama,2009,0,0,6.7,Roller girls (2009),49
Drama,2009,0,0,7.3,The Damned United (2009),27
"Drama,Terror,Suspense",2009,0,0,6.6,Anticristo (2009),301
"Fantasía,Drama",2009,0,0,7.3,Enter the Void (2009),98
"Animacion,Aventura,Familia,Fantasía",2010,0,0,6.5,Campanilla y el gran rescate (2010),154
"Accion,Comedia,Crimen",2010,0,0,6.2,Los otros dos (2010),172
"Animacion,Aventura,Familia,Fantasía",2010,0,1,6.6,Ga'Hoole: La leyenda de los guardianes (2010),266
"Accion,Aventura,Drama,Misterio",2010,0,0,6.7,Detective Dee y el misterio de la llama fantasma (2010),93
Terror,2010,0,0,4.2,Puppet Master: Axis of Evil (2010),74
"Animacion,Aventura,Accion",2010,0,0,7.2,DC Showcase: Green Arrow (2010),186
"Fantasía,Animacion,Familia",2010,0,0,7.5,Arrietty y el mundo de los diminutos (2010),90
"Drama,Terror,Misterio",2010,0,0,6.7,Dejame entrar (2010),260
"Comedia,Aventura,Fantasía,Animacion,Familia",2010,0,0,6.2,Shrek Felices Para Siempre (Shrek 4) (2010),497
"Animacion,Comedia,Aventura",2009,0,0,6.1,Otra pelicula de huevos y un pollo (2009),468
"Drama,Fantasía",2010,0,0,6.0,Mas alla de la vida (2010),107
Drama,2009,0,0,6.6,Todos estan bien (2009),106
,2009,0,0,0.0,Bala mordida (2009),26
"Accion,Aventura,Animacion,Cienciaficcion",2009,0,0,7.3,Wonder Woman (La mujer maravilla) (2009),184
"Música,Documental",2009,0,0,6.9,This Is It (2009),69
Terror,2009,0,0,4.5,Cabin Fever 2: Spring Fever (2009),161
Drama,2008,0,0,7.6,Siete almas (2008),149
"Animacion,Comedia,Familia,Aventura,Fantasía",2008,0,1,6.3,Horton (2008),354
"Drama,Aventura,Western",2010,0,0,7.3,Valor de ley (2010),99
Drama,2011,0,0,7.5,El Profesor (2011),116
"Aventura,Accion,Drama",2010,0,0,6.1,Centurion (2010),247
"Drama,Romance",2011,0,0,7.2,One Day (Siempre el mismo dia) (2011),278
"Animacion,Accion,Comedia,Familia,Cienciaficcion",2010,0,0,6.8,Megamind (2010),278
Terror,2011,0,0,5.0,Hostel 3 (2011),258
Accion,2009,0,0,7.3,మగధీర (2009),94
"Accion,Animacion,Cienciaficcion",2009,0,0,6.6,Linterna Verde: Primer vuelo (2009),145
"Aventura,Terror,Suspense",2009,0,0,5.9,The Descent: Part 2 (2009),421
Drama,2009,0,0,6.8,Air Doll (Munieca de aire) (2009),60
"Drama,Misterio,Suspense",2009,0,0,6.7,Cracks (2009),193
"Aventura,Fantasía,Cienciaficcion",2008,0,0,6.0,Jumper (2008),455
"Comedia,Drama,Familia,Romance",2008,0,0,6.5,"Mi gato Angus, el primer morreo y el plasta de mi padre (2008)",148
"Animacion,Familia",2008,0,0,6.2,Next Avengers: Heroes of Tomorrow (2008),109
"Accion,Aventura,Animacion,Cienciaficcion,Familia",2008,0,0,6.6,La Liga de la Justicia: La nueva frontera (2008),152
"Suspense,Terror,Misterio",2008,0,0,6.2,Los extranios (2008),204
"Suspense,Crimen,Drama,Misterio",2009,0,0,6.5,Backyard: El traspatio (2009),80
Drama,2009,0,0,7.6,El mundo en sus manos (2009),94
"Drama,Accion,Suspense,Crimen",2009,0,0,7.4,Sin nombre (2009),356
"Comedia,Aventura",2008,0,0,6.2,Dos colgaos muy fumaos: Fuga de Guantanamo (2008),235
"Comedia,Drama,Romance",2009,0,0,6.4,Phillip Morris ¡Te quiero! (2009),113
Comedia,2008,0,0,7.2,"Feliz Navidad, Drake y Josh (2008)",128
"Crimen,Drama,Misterio,Romance",2009,0,0,7.9,El secreto de sus ojos (2009),192
"Comedia,Accion",2008,0,0,5.5,Zohan: Licencia para peinar (2008),188
"Comedia,Crimen,Drama",2009,0,0,5.5,Cuerpos de seguridad (2009),151
"Comedia,Misterio",2009,0,0,5.7,La pantera rosa 2 (2009),147
"Drama,Accion,Crimen",2008,0,0,4.9,Talento de barrio (2008),152
"Drama,Romance",2009,0,0,7.0,My Rainy Days (2009),234
"Aventura,Accion,Comedia,Fantasía",2009,0,0,6.7,"Woochi, cazador de demonios (2009)",209
"Terror,Suspense",2009,0,0,6.2,Arrastrame al infierno (2009),341
"Romance,Drama",2009,0,0,6.7,Julie y Julia (2009),90
Animacion,2009,0,0,5.3,El delfin: La historia de un soniador (2009),70
"Drama,Suspense",2009,0,0,6.9,Brothers (Hermanos) (2009),143
Cienciaficcion,1951,0,0,7.5,Ultimatum a la Tierra (1951),75
"Accion,Aventura,Crimen,Drama,Suspense",2009,0,0,5.7,"Fighting, punios de asfalto (2009)",256
"Drama,Romance",2008,0,0,6.6,Las hermanas Bolena (2008),163
Comedia,2008,0,0,6.2,¿Hacemos una porno? (2008),156
"Crimen,Drama,Suspense",2008,0,0,7.8,The Chaser (2008),103
"Drama,Western,Crimen",2008,0,0,6.5,Appaloosa (2008),165
"Terror,Drama",2008,0,0,7.5,Dejame entrar (2008),202
"Accion,Comedia",2008,0,0,6.6,Superfumados (2008),110
"Crimen,Suspense",2008,0,0,5.5,Nunca juegues con extranios 2 (2008),124
"Accion,Comedia,Aventura",2008,0,0,6.5,"Tropic Thunder, ¡una guerra muy perra! (2008)",159
"Comedia,Drama,Familia,Música",2008,0,0,5.7,The Cheetah Girls: Un Mundo (2008),122
"Animacion,Familia",2008,0,0,7.7,BURN•E (2008),184
"Drama,Terror,Suspense",2008,0,0,5.6,The Eye (Visiones) (2008),132
"Animacion,Familia,Aventura,Fantasía",2008,0,1,6.6,Campanilla (2008),215
"Comedia,Música,Romance",2008,0,0,6.4,Nick y Norah: Una noche de musica y amor (2008),139
"Romance,Drama",2008,0,0,6.9,Arrancame la vida (2008),64
"Accion,Aventura,Comedia,Suspense",2008,0,0,5.6,Negocios de guerra (2008),104
"Accion,Aventura,Comedia,Familia,Fantasía",2006,0,0,6.5,Noche en el museo (2006),1002
"Fantasía,Accion,Cienciaficcion",2008,0,0,6.2,Outlander (2008),392
"Drama,Comedia,Romance",2008,0,0,4.8,Divina Confusion (2008),75
"Terror,Suspense",2008,0,0,6.1,Splinter (2008),199
"Accion,Drama",2006,0,0,7.5,Cartas desde Iwo Jima (2006),535
"Comedia,Música",2006,0,1,6.7,Tenacious D: Dando la nota (2006),373
"Accion,Crimen,Suspense",2008,0,0,6.9,RocknRolla (2008),107
"Drama,Aventura,Cienciaficcion,Romance",2006,0,0,7.0,La fuente de la vida (2006),823
"Comedia,Cienciaficcion,Aventura,Familia",2008,0,0,5.2,Atrapado en un pirado (2008),157
"Drama,Romance",2008,0,0,7.5,El luchador (2008),63
"Aventura,Familia,Fantasía,Drama",2008,0,0,6.5,Las cronicas de Spiderwick (2008),332
"Comedia,Aventura,Romance",2008,0,0,6.1,Sex Drive (2008),117
"Comedia,Drama,Crimen",2008,0,0,7.5,Escondidos en Brujas (2008),100
"Comedia,Romance,Drama",2008,0,0,5.6,Como en casa en ningun sitio (2008),102
"Comedia,Familia",2006,0,0,4.7,"Carinio, estoy hecho un perro (2006)",318
"Animacion,Comedia",2006,0,1,6.4,Una Pelicula de Huevos (2006),896
"Comedia,Crimen",2006,0,0,5.5,Pequenio pero maton (2006),580
Drama,2006,0,0,6.4,Natividad (2006),121
"Comedia,Drama,Familia,Fantasía,Romance",2006,0,0,6.0,Devuelveme mi suerte (2006),724
Drama,2006,0,0,7.5,El ultimo rey de Escocia (2006),299
"Cienciaficcion,Drama,Romance,Fantasía",2009,0,0,7.9,Las vidas posibles de Mr. Nobody (2009),154
Terror,2009,0,0,6.8,Triangle (2009),141
"Aventura,Fantasía,Accion,Comedia,Familia",2009,0,0,6.1,Noche en el museo 2 (2009),212
"Suspense,Cienciaficcion",2009,0,0,5.5,The Box (2009),101
"Suspense,Drama,Misterio",2007,0,0,6.6,Disturbia (2007),78
Drama,2006,0,0,6.8,Banderas de nuestros padres (2006),203
"Aventura,Drama,Familia",2006,0,0,6.9,Bajo cero (2006),160
Drama,2006,0,0,7.1,Babel (2006),207
"Comedia,Romance",2006,0,0,5.5,"Tu, yo y ahora... Dupree (2006)",230
"Accion,Drama",2006,0,0,6.7,La vida en juego (2006),879
"Accion,Aventura,Familia",2006,0,1,5.7,Wendy Wu: La Chica Kung Fu (2006),385
"Drama,Comedia,Romance",2005,0,0,7.3,Rosas rojas (2005),398
"Terror,Suspense",2006,0,0,4.8,Negra Navidad (2006),77
"Crimen,Misterio,Suspense",2007,0,0,5.7,88 minutos (2007),68
Terror,2007,0,0,5.7,Hostel 2 (2007),295
"Animacion,Accion,Suspense,Cienciaficcion",2007,0,0,6.9,Transformers: Beginnings (2007),238
"Familia,Comedia",2007,0,0,6.3,Las vacaciones de Mr. Bean (2007),208
"Terror,Drama,Suspense",2007,0,0,7.2,El orfanato (2007),367
"Accion,Comedia,Documental",2006,0,0,6.3,Jackass 2: Todavia mas (2006),456
"Animacion,Accion,Familia,Cienciaficcion",2006,0,0,5.8,Superman: Brainiac ataca (2006),202
"Comedia,Familia",2006,0,0,5.3,Un vecino con pocas luces (2006),103
"Comedia,Romance",2006,0,0,5.9,Amor y otros desastres (2006),461
"Familia,Drama,Música",2007,0,0,7.3,August Rush: El triunfo de un suenio (2007),110
"Aventura,Fantasía",2007,0,0,6.0,La brujula dorada (2007),211
"Aventura,Drama,Familia",2007,0,0,7.2,Un puente hacia Terabithia (2007),196
"Comedia,Documental",2007,0,0,5.8,Jackass 2.5 (2007),117
"Comedia,Drama,Romance",2007,0,0,6.2,Diario de una niniera (2007),156
"Drama,Romance",2007,0,0,7.1,Posdata: te quiero (2007),255
"Accion,Aventura,Animacion,Fantasía,Cienciaficcion",2007,0,0,5.7,El invencible Iron Man (2007),154
"Animacion,Comedia,Familia",2007,0,1,6.9,Los Simpson: La pelicula (2007),665
"Aventura,Accion",2007,0,0,5.4,El guia del desfiladero (Pathfinder) (2007),127
"Accion,Animacion,Fantasía,Cienciaficcion",2007,0,0,6.3,Doctor Extranio: El hechicero supremo (2007),149
"Familia,Comedia,Aventura,Crimen",2006,0,0,6.3,Drake y Josh Van a Hollywood (2006),431
"Comedia,Familia",2006,0,0,5.8,¡Peligro! Menores sueltos (2006),80
"Drama,Misterio,Suspense",2006,0,0,8.2,El truco final (El prestigio) (2006),365
Comedia,2007,0,0,5.1,ninias mal (2007),80
,2007,0,0,0.0,Alvin and the Chipmunks: The Valentines Collection (2007),20
"Drama,Romance,Fantasía",2007,0,0,7.2,Across the Universe (2007),61
"Drama,Comedia,Romance",2007,0,0,6.1,Salta (2007),88
"Animacion,Comedia,Familia",2007,0,1,6.8,Descubriendo a los Robinsons (2007),108
"Crimen,Terror,Suspense,Drama",2007,0,0,6.5,Funny Games (2007),189
"Aventura,Animacion,Comedia,Familia",2006,0,1,5.8,Tod y Toby 2 (2006),174
"Drama,Familia,Fantasía",2007,0,0,6.2,Las Gemelas Vuelven a Hechizar (2007),182
"Comedia,Drama,Familia,Música",2007,0,0,6.5,High School Musical 2 (2007),138
Drama,2007,0,0,8.0,Estrellas en la Tierra (2007),34
"Cienciaficcion,Suspense",2007,0,0,7.0,Los cronocrimenes (2007),81
"Crimen,Drama,Misterio,Suspense",2007,0,0,5.8,Seduciendo a un extranio (2007),98
"Aventura,Fantasía,Accion,Suspense",2007,0,0,5.5,Los 4 fantasticos y Silver Surfer (2007),141
"Drama,Crimen,Suspense,Accion",2006,0,0,7.1,United 93 (2006),329
"Animacion,Familia,Comedia",2006,0,0,6.6,El Looney Cuento de Navidad (2006),127
"Fantasía,Cienciaficcion",2006,0,0,6.1,Guardianes del dia (2006),156
"Drama,Accion,Suspense,Cienciaficcion",2006,0,0,7.6,Hijos de los hombres (2006),443
"Crimen,Drama,Suspense",2007,0,0,7.9,No es pais para viejos (2007),121
"Comedia,Romance",2007,0,0,5.9,Os declaro marido y marido (2007),171
Terror,2007,0,0,6.0,"Halloween, el origen (2007)",91
"Comedia,Familia",2007,0,0,6.3,Papa por sorpresa (2007),193
"Drama,Accion,Crimen",2007,0,0,8.0,Tropa de elite (2007),258
"Familia,Comedia,Fantasía,Aventura,Accion",2020,0,1,6.4,Las aventuras del Doctor Dolittle (2020),6238
"Comedia,Familia,Aventura,Fantasía,Romance",2005,0,0,5.3,Herbie: A tope (2005),746
Drama,2019,0,0,7.5,Richard Jewell (2019),309
"Comedia,Familia,Fantasía",2007,0,0,6.2,Mr. Magorium y su tienda magica (2007),113
"Familia,Animacion,Aventura,Comedia",2007,0,1,5.9,Bee Movie (2007),213
"Comedia,Drama,Romance",2005,0,0,6.0,Amor en juego (2005),544
"Aventura,Drama,Accion",2005,0,0,6.7,King Kong (2005),700
"Accion,Comedia,Romance,Misterio",2005,0,0,5.7,Miss agente especial 2: armada y fabulosa (2005),437
"Aventura,Familia,Fantasía",2007,0,0,6.4,Mi monstruo y yo (2007),105
Comedia,2007,0,0,5.0,Los futboleros (2007),104
"Crimen,Romance,Drama",2005,0,0,5.9,Rosario Tijeras (2005),559
Drama,2005,0,0,6.5,¡Goool! La pelicula (2005),166
"Comedia,Drama,Familia,Romance",2005,0,0,5.9,El hombre perfecto (2005),385
"Accion,Aventura,Fantasía,Terror",2005,0,1,3.9,BloodRayne (2005),648
"Fantasía,Comedia,Familia,Aventura",2005,0,0,3.9,La mascara 2 (El hijo de la mascara) (2005),874
"Accion,Fantasía,Cienciaficcion",2005,0,0,4.8,Elektra (2005),286
"Familia,Romance",2005,0,0,5.2,Mi ligue en apuros (2005),209
"Fantasía,Comedia,Familia",2005,0,0,6.6,La niniera magica (2005),312
"Drama,Accion,Crimen",2005,0,0,6.2,Caos (2005),710
"Comedia,Romance",2005,0,0,6.3,Virgen a los 40 (2005),428
Drama,2005,0,0,7.1,Transamerica (2005),177
"Terror,Cienciaficcion",2005,0,0,6.1,La tierra de los muertos vivientes (2005),1073
"Música,Drama",2007,0,0,7.5,La vida en rosa (Edith Piaf) (2007),43
"Comedia,Drama,Familia,Fantasía",2005,0,0,6.2,Las Gemelas Hechizan Dos Veces (2005),295
"Drama,Música",2007,0,0,6.7,I'm not there (2007),25
"Familia,Animacion",2007,0,0,6.0,En busca del valle encantado XIII: La sabiduria de los amigos (2007),33
"Drama,Romance",2007,0,0,6.1,El juego del amor (2007),79
Comedia,2007,0,0,5.7,Novio por una noche (2007),106
"Crimen,Drama,Suspense",2007,0,0,6.5,Chantaje (2007),54
"Accion,Aventura,Comedia",2007,0,0,3.4,Una loca pelicula epica (2007),360
"Fantasía,Comedia,Familia",2007,0,0,5.5,Sigo como Dios (2007),90
"Drama,Romance",2007,0,0,6.4,El amor en los tiempos del colera (2007),110
"Accion,Aventura,Animacion,Cienciaficcion",2007,0,0,6.2,Objetivo: Terrum (2007),112
Terror,2007,0,0,4.4,La madre del mal (2007),66
"Comedia,Drama,Romance",2007,0,0,7.1,Lars y una chica de verdad (2007),43
"Drama,Romance",2007,0,0,7.6,"Expiacion, mas alla de la pasion (2007)",145
"Cienciaficcion,Drama",2007,0,0,7.7,The Man from Earth (2007),134
"Accion,Aventura,Fantasía",2007,0,0,5.4,La ultima legion (2007),168
"Crimen,Drama,Suspense",2007,0,0,7.1,Antes que el diablo sepa que has muerto (2007),55
"Terror,Accion,Suspense",2007,0,0,6.6,Grindhouse (Planet Terror) (2007),82
"Aventura,Accion",2008,0,0,5.9,Indiana Jones y el reino de la calavera de cristal (2008),127
"Misterio,Suspense,Accion",2008,0,0,6.4,La conspiracion del panico (2008),107
"Fantasía,Accion",2008,0,0,6.3,Hancock (2008),238
"Accion,Suspense",2008,0,0,6.5,John Rambo (2008),197
"Comedia,Fantasía,Romance",2006,0,0,6.5,Cosas nuestras (2006),1385
"Comedia,Romance",2008,0,1,6.9,Mamma Mia! La Pelicula (2008),102
"Suspense,Misterio",2006,0,1,6.7,El codigo Da Vinci (2006),1407
Suspense,2006,0,0,6.3,Mentes en blanco (2006),226
"Comedia,Drama,Fantasía,Romance",2006,0,0,6.1,Click (2006),439
"Comedia,Drama,Familia,Música",2006,0,0,6.5,High School Musical (2006),340
"Drama,Suspense,Fantasía,Misterio",2006,0,0,5.5,La joven del agua (2006),385
"Fantasía,Accion,Aventura,Familia",2006,0,0,5.0,Eragon (2006),526
"Comedia,Drama",2006,0,0,6.5,Un mundo maravilloso (2006),166
"Comedia,Drama,Familia,Música",2006,0,0,5.8,The Cheetah Girls 2 (2006),218
"Aventura,Animacion,Familia",2006,0,0,6.6,Hermano oso 2 (2006),334
Terror,2006,0,0,5.6,Cuando llama un extranio (2006),231
"Accion,Comedia,Crimen,Misterio,Familia",2006,0,1,5.8,La pantera rosa (2006),251
Drama,2006,0,0,7.0,The Guardian (Guardianes de altamar) (2006),229
"Aventura,Accion,Drama,Suspense",2006,0,0,5.7,Poseidon (2006),290
"Animacion,Comedia,Familia",2006,0,1,6.0,Happy Feet: Rompiendo el Hielo (2006),290
"Comedia,Crimen",2006,0,0,5.8,Un novato en prision (2006),359
"Accion,Suspense,Cienciaficcion",2006,0,1,6.8,Dejà Vu (2006),428
"Animacion,Comedia,Familia,Fantasía",2006,0,0,6.5,Monster House (2006),405
"Comedia,Drama,Romance",2006,0,1,6.6,Un buen anio (2006),201
Comedia,2006,0,0,5.4,Los calientabanquillos (2006),320
"Comedia,Drama",2006,0,0,6.7,¡Que les den! (2006),114
"Animacion,Familia,Cienciaficcion",2006,0,0,6.0,En busca del valle encantado XII: El gran dia de los voladores (2006),80
"Fantasía,Animacion,Drama,Cienciaficcion",2006,0,0,7.8,La chica que saltaba a traves del tiempo (2006),316
Terror,2006,0,0,4.1,Siempre sabre lo que hicisteis el ultimo verano (2006),132
"Animacion,Comedia,Familia",2006,0,0,6.5,Tom y Jerry. El tesoro del galeon pirata (2006),234
"Familia,Fantasía,Cienciaficcion,Aventura,Comedia",2005,0,1,6.3,Zathura: Una aventura espacial (2005),279
"Fantasía,Terror",2006,0,0,5.4,La alianza del mal (2006),208
"Animacion,Comedia,Familia",2005,0,2,6.1,La increible pero cierta historia de Caperucita Roja (2005),223
"Aventura,Animacion,Comedia,Familia",2005,0,0,6.9,Wallace y Gromit: La maldicion de las verduras (2005),331
"Comedia,Drama,Romance",2005,0,0,6.4,Hitch: Especialista en ligues (2005),425
"Música,Documental",2005,0,0,0.0,Dr. Feelgood: Live in London (2005),35
"Animacion,Comedia,Familia",2005,0,1,6.2,El Emperador y Sus Locuras 2: La Gran Aventura de Kronk (2005),292
"Comedia,Drama",2005,0,0,7.2,Gracias por fumar (2005),77
Accion,2005,0,0,5.1,Stealth: La amenaza invisible (2005),189
"Comedia,Romance",2005,0,0,6.4,De boda en boda (2005),271
"Accion,Suspense,Crimen",2005,0,0,7.4,Sin City (Ciudad del pecado) (2005),251
"Accion,Aventura,Fantasía,Cienciaficcion",2005,0,1,5.7,Los 4 fantasticos (2005),335
"Crimen,Drama",2005,0,0,7.1,Truman Capote (2005),91
"Drama,Familia",2005,0,1,6.5,Camino hacia la victoria (2005),138
"Animacion,Comedia,Familia,Cienciaficcion",2005,0,0,6.2,Robots (2005),301
"Crimen,Drama,Suspense,Accion",2005,0,0,6.4,Vidas al limite (2005),297
"Aventura,Comedia,Familia",2005,0,0,6.0,"Sky High, escuela de altos vuelos (2005)",247
"Misterio,Terror,Suspense",2005,0,0,5.8,Llamada perdida 2: El pozo (2005),231
"Drama,Suspense,Crimen,Misterio",2005,0,0,6.4,Revolver (2005),124
"Romance,Comedia",2005,0,0,6.0,La madre del novio (2005),175
"Crimen,Drama,Suspense",2005,0,0,7.0,Crimenes en el paraiso (2005),113
"Suspense,Misterio,Drama",2005,0,0,6.9,The Jacket (2005),120
"Fantasía,Animacion,Cienciaficcion,Familia",2005,0,0,5.9,En busca del valle encantado XI: La invasion de los Diminusaurios (2005),131
"Accion,Suspense,Cienciaficcion,Aventura",2005,0,0,6.6,La isla (2005),388
"Drama,Música,Romance",2005,0,1,7.5,En la cuerda floja (2005),283
"Aventura,Drama,Familia",2005,0,0,6.6,Lassie (2005),142
"Suspense,Drama,Misterio",2005,0,0,6.4,Plan de vuelo: desaparecida (2005),362
"Comedia,Drama",2005,0,0,7.4,Todo esta iluminado (2005),67
"Comedia,Romance",2004,0,0,6.3,Bridget Jones: sobrevivire (2004),190
Terror,2003,0,0,5.8,Freddy contra Jason (2003),437
Drama,2004,0,0,7.9,Million Dollar Baby (2004),146
"Crimen,Drama,Suspense",2003,0,0,8.1,Memories of Murder (Cronica de un asesino en serie) (2003),257
"Música,Drama,Romance",2004,0,0,6.3,Escucha mi voz (2004),320
"Aventura,Comedia,Drama",2004,0,1,7.2,Life Aquatic (2004),169
"Cienciaficcion,Drama,Suspense",2004,0,0,6.9,Primer (2004),264
"Accion,Comedia,Crimen,Fantasía",2004,0,1,7.3,Kung Fu Sion (2004),435
"Comedia,Familia",2006,0,0,5.6,Super Nacho (2006),984
"Drama,Suspense",2008,0,0,6.9,Valkiria (2008),65
"Comedia,Romance",2004,0,0,6.2,Los padres de el (2004),123
Accion,2003,0,0,5.2,Superagente Cody Banks (2003),138
"Fantasía,Animacion,Cienciaficcion,Familia,Accion",2003,0,0,5.6,Atlantis: El regreso de Milo (2003),279
"Suspense,Terror",2003,0,0,5.2,En la oscuridad (2003),105
"Familia,Animacion,Aventura",2003,0,0,5.8,El libro de la selva 2 (2003),147
Comedia,2003,0,0,6.0,Ejecutivo agresivo (2003),106
"Crimen,Comedia,Romance",2003,0,0,5.9,Crueldad intolerable (2003),104
"Aventura,Fantasía,Drama",2003,0,0,7.8,Big Fish (2003),152
"Aventura,Comedia,Familia,Romance",2008,0,0,4.9,Un chihuahua en Beverly Hills (2008),162
"Aventura,Drama,Romance",2008,0,0,6.5,Australia (2008),128
"Comedia,Drama,Aventura",2004,0,0,6.2,Ayudame con el muerto (2004),61
"Comedia,Drama,Misterio,Cienciaficcion",2003,0,0,6.3,El gran destino (2003),79
"Comedia,Fantasía",2003,0,0,6.2,Ponte en mi lugar (2003),137
"Aventura,Drama,Accion,Suspense",2004,0,0,6.0,Pisando fuerte (2004),618
"Comedia,Drama",2004,0,0,6.5,Delitos menores (2004),41
Comedia,2004,0,0,6.8,El reportero: la leyenda de Ron Burgundy (2004),105
"Accion,Drama",2003,0,0,6.0,Diablo (2003),290
"Terror,Aventura,Accion",2004,0,1,6.1,Van Helsing (2004),761
"Comedia,Aventura,Crimen,Familia,Accion",2003,0,0,4.6,Canguro Jack: trinca y brinca (2003),198
"Drama,Crimen,Suspense",2003,0,0,6.7,Veronica Guerin (2003),61
"Accion,Suspense",2003,0,0,5.0,Battle Royale 2: Requiem (2003),120
"Comedia,Romance",2004,0,1,6.8,50 primeras citas (2004),229
"Accion,Suspense,Aventura,Cienciaficcion",2003,0,0,5.6,El nucleo (2003),412
Crimen,2003,0,0,6.2,Wonderland (2003),164
"Drama,Suspense,Crimen",2003,0,0,7.4,La vida de David Gale (2003),128
"Fantasía,Familia",2003,0,0,5.1,El gato (2003),255
"Aventura,Fantasía,Animacion,Accion,Cienciaficcion,Familia",2003,0,0,6.7,Batman: El misterio de Batwoman (2003),179
"Comedia,Drama,Romance",2004,0,0,7.2,Algo en comun (2004),86
"Cienciaficcion,Accion,Terror,Suspense,Aventura,Fantasía",2004,0,1,5.8,Blade Trinity (2004),602
"Cienciaficcion,Drama,Romance",2004,0,0,8.1,¡Olvidate de mi! (2004),403
Drama,2004,0,0,7.7,Hotel Rwanda (2004),73
"Suspense,Crimen",2004,0,0,6.5,Ocean's Twelve (2004),134
"Accion,Comedia",2003,0,0,6.0,Grind (2003),59
"Accion,Aventura,Comedia",2003,0,0,5.4,Los angeles de Charlie: Al limite (2003),167
"Accion,Aventura,Comedia,Familia,Cienciaficcion",2003,0,0,5.0,Spy Kids 3-D: Game Over (2003),104
"Accion,Crimen",2003,0,0,6.7,The Italian Job (2003),112
"Animacion,Familia",2003,0,0,5.6,Los Rugrats: Vacaciones salvajes (2003),91
"Familia,Animacion,Aventura,Comedia",2003,0,1,6.8,Simbad: La leyenda de los siete mares (2003),283
"Comedia,Familia",2003,0,0,5.8,Papa canguro (2003),92
"Accion,Fantasía,Misterio",2004,0,0,4.4,Catwoman (2004),293
"Animacion,Drama",2003,0,0,7.8,Tokyo Godfathers (2003),72
"Aventura,Fantasía,Familia",2003,0,1,7.1,Peter Pan: La Gran Aventura (2003),226
"Aventura,Animacion,Comedia,Familia",2004,0,0,6.4,"Mickey, Donald y Goofy: Los tres mosqueteros (2004)",240
"Misterio,Suspense",2003,0,0,7.2,Identidad (2003),141
"Accion,Aventura,Drama",2004,0,0,7.7,Lazos de guerra (2004),310
"Familia,Comedia",2003,0,1,6.0,Lizzie Superstar (2003),146
"Comedia,Drama,Familia,Romance",2004,0,0,6.5,Princesa por sorpresa 2 (2004),459
"Comedia,Romance",2003,0,0,6.2,Chasing Papi (2003),141
"Accion,Aventura,Cienciaficcion,Suspense",2004,0,1,6.4,El dia de maniana (2004),641
"Aventura,Animacion,Familia",2003,0,1,6.1,En busca del valle encantado X: El viaje de los Cuellilargos (2003),43
"Crimen,Drama,Suspense",2002,0,0,6.7,La habitacion del panico (2002),127
"Comedia,Accion,Crimen",2004,0,0,7.7,Matando Cabos (2004),210
"Animacion,Familia",2003,0,1,6.5,La gran pelicula de Piglet (2003),75
"Terror,Fantasía,Cienciaficcion",2003,0,0,3.0,Puppet Master: The Legacy (2003),89
"Drama,Romance",2004,0,0,7.8,Antes del atardecer (2004),189
"Animacion,Accion,Comedia,Familia",2004,0,1,6.0,El espantatiburones (2004),331
"Aventura,Terror,Accion,Cienciaficcion",2004,0,0,3.9,Starship Troopers 2: El heroe de la federacion (2004),252
"Accion,Drama",2003,0,0,5.4,Biker Boyz (2003),97
"Comedia,Drama,Romance",2002,0,0,6.3,Quiero ser como Beckham (2002),73
"Drama,Romance,Comedia",2003,0,0,7.4,Lost in Translation (2003),170
"Comedia,Música",2003,0,0,7.0,Escuela de Rock (2003),174
"Aventura,Drama",2003,0,0,7.1,Master and commander: Al otro lado del mundo (2003),158
Drama,2003,0,0,6.5,Thirteen (2003),137
"Terror,Cienciaficcion,Suspense",2003,0,0,4.9,Mimic 3: El guardian (2003),124
"Drama,Misterio,Suspense",2004,0,0,6.4,El bosque (2004),135
"Accion,Cienciaficcion,Suspense",2002,0,0,7.0,Equilibrium (2002),168
"Suspense,Accion,Drama",2002,0,0,6.2,Panico nuclear (2002),196
"Comedia,Drama",2004,0,0,7.2,Cero y van cuatro (2004),66
"Comedia,Accion,Aventura,Familia",2004,0,0,5.2,Superagente Cody Banks 2: Destino Londres (2004),217
"Cienciaficcion,Accion,Terror",2004,0,0,4.5,Species III (Especie mortal III) (2004),230
"Drama,Romance",2004,0,0,6.8,Closer (2004),152
"Comedia,Cienciaficcion",2004,0,0,5.6,Las mujeres perfectas (2004),181
Comedia,2003,0,0,6.0,Duplex (2003),65
Suspense,2004,0,0,6.3,Cellular (2004),92
"Aventura,Accion,Comedia",2004,0,0,6.7,Team America: La policia del mundo (2004),109
"Comedia,Drama,Familia,Música",2003,0,0,5.6,Chicas Guepardo (2003),112
"Comedia,Drama",2004,0,0,5.7,La barberia 2: Vuelta al negocio (2004),98
"Accion,Drama,Suspense",2004,0,0,7.4,El fuego de la venganza (2004),455
Drama,2004,0,0,7.1,El milagro (Miracle) (2004),87
"Animacion,Comedia,Familia",2004,0,0,5.4,Garfield: la pelicula (2004),427
"Drama,Crimen,Suspense",2004,0,0,7.2,Collateral (2004),200
"Animacion,Familia",2004,0,1,6.4,Winnie the Pooh: Una primavera con Rito (2004),86
Drama,2004,0,0,7.8,Machuca (2004),48
"Animacion,Familia,Cienciaficcion",2004,0,0,3.9,P3K: Pinocho 3000 (2004),74
"Comedia,Romance",2001,0,0,5.9,Amor ciego (2001),215
"Accion,Crimen,Misterio,Suspense,Drama",2004,0,0,6.2,Vidas ajenas (2004),343
"Accion,Aventura,Drama,Romance",2004,0,0,5.8,Alejandro Magno (2004),234
Terror,2004,0,0,3.7,Puppet Master vs Demonic Toys (2004),167
"Accion,Crimen,Terror",2001,0,1,7.1,Ichi the Killer (2001),232
"Comedia,Familia,Romance",2001,0,0,6.8,Princesa por sorpresa (2001),282
"Comedia,Romance",2001,0,0,5.6,La pareja del anio (2001),58
"Drama,Romance",2001,0,0,7.6,Moulin Rouge (2001),92
Terror,2001,0,0,3.9,Los chicos del maiz VII: Revelacion (2001),57
"Aventura,Drama,Romance,Accion",2001,0,0,6.8,Destino de caballero (2001),154
"Terror,Cienciaficcion,Suspense",2001,0,0,5.0,Mimic 2 (2001),99
"Familia,Animacion",2002,0,0,6.8,Mickey Mouse: El club de los villanos (2002),168
"Romance,Drama,Accion",2001,0,0,7.3,Enemigo a las puertas (2001),168
"Comedia,Romance,Drama",2001,0,0,6.8,Serendipity (2001),111
"Accion,Comedia,Familia,Aventura",2001,0,0,5.7,Spy Kids (2001),79
"Comedia,Música,Drama",2001,0,0,7.7,Hedwig and the Angry Inch (2001),46
"Accion,Suspense,Cienciaficcion,Misterio",2002,0,0,7.3,Minority Report (2002),265
"Romance,Cienciaficcion,Fantasía,Drama,Suspense",2001,0,0,6.8,Vanilla sky (2001),137
"Terror,Cienciaficcion",2001,0,0,4.6,Jason X (2001),211
"Misterio,Suspense,Drama",2001,0,0,6.4,Nunca juegues con extranios (2001),76
"Accion,Crimen,Drama,Suspense",2001,0,0,7.4,Training Day (Dia de entrenamiento) (2001),185
"Drama,Accion,Crimen",2002,0,0,5.8,Django: la otra cara (2002),101
Drama,2002,0,0,8.3,El pianista (2002),211
"Drama,Crimen",2002,0,0,8.4,Ciudad de Dios (2002),306
"Comedia,Fantasía",2002,0,1,5.7,¡Este cuerpo no es el mio! (2002),487
"Drama,Romance",2002,0,0,7.6,Un paseo para recordar (2002),232
"Crimen,Misterio,Suspense,Accion",2001,0,0,6.3,La hora de la arania (2001),156
"Comedia,Drama",2001,0,1,7.7,La Familia Hindu (2001),177
"Drama,Romance",2001,0,0,7.4,La pianista (2001),245
Accion,2001,0,0,4.8,Driven (2001),55
"Accion,Aventura,Drama,Suspense",2001,0,0,4.1,Instinct to Kill (2001),75
"Comedia,Documental",2002,0,0,6.1,Jackass: La pelicula (2002),213
"Comedia,Drama,Romance",2002,0,0,6.4,Las reglas del juego (2002),173
"Aventura,Familia,Cienciaficcion,Suspense",2002,0,0,5.0,"Clockstoppers, detener el tiempo (2002)",74
"Accion,Crimen,Drama,Suspense",2002,0,0,6.1,Atrapada (2002),181
"Aventura,Comedia,Familia",2002,0,0,5.4,Aventuras en Alaska (2002),107
"Drama,Romance",2002,0,0,7.0,El club de los emperadores (2002),73
"Drama,Suspense,Cienciaficcion,Misterio",2002,0,1,6.6,Seniales (2002),173
"Drama,Crimen",2002,0,1,7.9,Atrapame si puedes (2002),328
"Accion,Aventura,Comedia,Crimen,Suspense",2001,0,0,5.7,Los reyes del crimen (2001),83
"Comedia,Romance",2002,0,0,5.7,Mr. Deeds (2002),234
"Accion,Crimen,Suspense",2001,0,0,6.9,Spy Game (Juego de espias) (2001),90
"Aventura,Fantasía,Animacion,Familia",2002,0,0,6.2,Peter Pan en Regreso al Pais de Nunca Jamas (2002),175
Drama,2002,0,0,6.4,Dragonfly (La sombra de la libelula) (2002),68
"Accion,Suspense",2002,0,0,6.5,El control de la venganza (2002),80
"Crimen,Misterio,Suspense",2002,0,0,6.9,Insomnio (2002),64
Comedia,2002,0,0,5.5,Cadete Kelly (2002),120
"Drama,Suspense,Crimen,Misterio",2002,0,0,7.2,Irreversible (2002),159
"Accion,Aventura,Comedia,Suspense",2002,0,0,5.4,9 dias (2002),212
"Comedia,Drama,Romance",2002,0,0,6.8,Secretary (2002),337
"Accion,Suspense,Terror",2002,0,0,5.5,D-Tox (Ojo asesino) (2002),107
"Accion,Cienciaficcion,Suspense",2002,0,0,3.9,Rollerball (2002),83
"Animacion,Familia",2002,0,0,5.3,El jorobado de Notre Dame 2: El secreto de la campana (2002),67
Comedia,2002,0,0,6.3,Bienvenidos a Collinwood (2002),23
"Drama,Fantasía,Terror",2002,0,0,5.6,La reina de los condenados (2002),241
"Comedia,Drama,Cienciaficcion",2002,0,0,5.8,Simone (2002),121
"Animacion,Familia",2002,0,0,6.0,En busca del valle encantado IX: Travesia a los oceanos (2002),30
"Accion,Aventura,Familia",2002,0,0,5.5,Spy Kids 2: La isla de los suenios perdidos (2002),90
"Cienciaficcion,Aventura,Accion",2002,0,0,5.9,La maquina del tiempo (2002),248
"Accion,Comedia,Cienciaficcion",2002,0,0,4.3,Pluto Nash (2002),98
"Drama,Romance",2002,0,0,6.7,Amar te duele (2002),116
"Crimen,Drama",2002,0,0,7.4,La ultima noche (2002),77
Terror,2003,0,0,5.6,Cabin Fever (2003),105
"Familia,Animacion,Romance,Fantasía",2002,0,0,5.9,Cenicienta 2: La magia no termina a medianoche (2002),271
"Comedia,Familia",2002,0,0,5.7,Los feos tambien mojan (2002),90
"Accion,Comedia",2002,0,0,5.6,El hermano secreto (2002),97
"Terror,Suspense",2002,0,0,6.7,Retratos de una obsesion (2002),96
"Accion,Suspense,Drama",2002,0,0,5.6,Danio colateral (2002),147
Accion,2001,0,0,7.3,Black Hawk derribado (2001),184
"Crimen,Comedia,Familia",2003,0,0,4.3,Solo en casa 4 (2003),87
"Suspense,Crimen",2001,0,0,7.4,Ocean's Eleven. Hagan juego (2001),128
"Comedia,Romance",2001,0,0,7.9,Amelie (2001),208
Comedia,2001,0,0,4.7,Estoy hecho un animal (2001),84
Suspense,2001,0,0,6.1,Ni una palabra (2001),49
"Música,Drama,Comedia",2001,0,0,6.2,Rock Star (2001),123
"Romance,Animacion,Familia",2001,0,0,6.3,La Dama y el Vagabundo 2: Las Aventuras de Golfillo (2001),172
"Aventura,Animacion,Familia",2001,0,0,5.8,En busca del valle encantado VIII: La gran helada (2001),35
Drama,2001,0,1,7.5,Yo soy Sam (2001),84
"Comedia,Drama,Romance",2001,0,0,6.6,Los chicos de mi vida (2001),157
"Accion,Aventura,Drama,Familia",2001,0,0,6.4,Al otro lado del cielo (2001),138
"Accion,Aventura,Comedia,Familia",2003,0,0,3.9,Inspector Gadget 2 (2003),284
"Drama,Familia",1988,0,0,8.6,Juliana (1988),455
"Accion,Comedia,Cienciaficcion",2001,0,1,5.9,Evolution (2001),141
"Comedia,Drama",2001,0,0,6.2,Mean Machine (Jugar duro) (2001),31
"Animacion,Familia,Comedia",2001,0,0,6.8,La navidad magica de Mickey (2001),107
"Accion,Drama,Suspense,Crimen",2000,0,0,5.0,Get Carter (Asesino implacable) (2000),464
"Crimen,Drama",2000,0,0,8.0,Requiem por un suenio (2000),425
"Fantasía,Comedia,Familia",2000,0,0,6.2,The Kid (El chico) (2000),223
"Drama,Romance,Comedia",2000,0,0,7.2,Cadena de favores (2000),328
Drama,2000,0,0,6.3,La tormenta perfecta (2000),429
"Suspense,Crimen",2000,0,0,7.8,Snatch: Cerdos y diamantes (2000),185
"Comedia,Fantasía,Romance",2000,0,0,5.3,Little Nicky (2000),516
Documental,2000,0,0,6.0,The Making of Walking with Dinosaurs (2000),100
Documental,2000,0,0,6.3,X-Men: Production Scrapbook (2000),307
"Animacion,Comedia,Familia",2000,0,1,6.6,Chicken Run: Evasion en la granja (2000),171
"Drama,Música",2000,0,0,7.5,Casi famosos (2000),219
"Accion,Crimen,Suspense",2000,0,0,6.0,Romeo debe morir (2000),287
Drama,2000,0,0,7.1,Malèna (2000),366
"Drama,Terror,Suspense,Crimen",2000,0,0,5.1,La bendicion (2000),267
"Comedia,Drama,Música,Romance",2000,0,0,6.1,El bar Coyote (2000),360
"Drama,Comedia,Romance,Familia",1999,0,0,6.0,La chica de al lado (1999),345
"Música,Familia,Animacion",2000,0,0,6.4,Joseph: Rey de los Suenios (2000),330
"Comedia,Drama",1999,0,0,6.4,Pantaleon y las visitadoras (1999),101
"Drama,Suspense",2000,0,0,7.7,Amores perros (2000),181
"Animacion,Familia,Comedia",2000,0,0,6.2,Explosivamente Goofy (2000),217
"Aventura,Drama,Accion,Romance",2000,0,0,7.3,Tigre y dragon (2000),152
"Drama,Romance",1999,0,0,6.7,Ana y el rey (1999),134
"Drama,Accion",2000,0,1,7.1,El patriota (2000),260
"Drama,Suspense,Aventura",2000,0,0,7.3,Battle Royale (2000),183
"Comedia,Romance",1999,0,0,6.0,Novia a la fuga (1999),151
"Fantasía,Familia",1999,0,0,6.3,Alicia en el Pais de las Maravillas (1999),99
"Terror,Misterio",1999,0,0,6.3,The Blair Witch Project (El proyecto de la bruja de Blair) (1999),213
"Drama,Comedia",2000,0,0,5.3,Colgadas (2000),165
"Accion,Aventura,Animacion,Fantasía,Cienciaficcion",2000,0,0,5.7,Heavy Metal 2000 (2000),238
"Suspense,Terror",2000,0,1,4.8,Dracula 2000 (2000),238
"Accion,Aventura,Suspense",2000,0,0,6.0,Limite vertical (2000),107
"Comedia,Familia,Cienciaficcion",1999,0,0,7.0,Heroes fuera de orbita (1999),102
"Terror,Misterio",1999,0,0,3.7,Los chicos del maiz 666 VI: El regreso de Isaac (1999),93
"Accion,Fantasía,Terror,Misterio",1999,1,1,5.7,El fin de los dias (1999),282
"Comedia,Drama",2000,0,0,6.0,28 dias (2000),165
Drama,1999,0,0,7.6,Inocencia interrumpida (1999),183
"Animacion,Comedia,Música",1999,0,0,7.2,"South Park: Mas grande, mas largo y sin cortes (1999)",239
"Comedia,Drama,Romance",1999,0,0,6.1,Historia de lo nuestro (1999),77
Cienciaficcion,1999,0,0,4.4,Wing Commander (1999),177
"Aventura,Fantasía,Animacion,Cienciaficcion,Familia",2000,0,0,5.9,En busca del valle encantado VII: La misteriosa piedra de fuego (2000),91
Drama,1998,0,0,8.4,American History X (1998),285
Drama,2000,0,0,6.7,Tigerland (2000),104
"Accion,Drama,Suspense",1998,0,0,6.9,Enemigo publico (1998),173
"Romance,Comedia,Fantasía",1998,0,1,6.5,Practicamente magia (1998),257
"Romance,Comedia,Drama",1999,0,0,7.2,Notting Hill (1999),158
"Drama,Romance",1999,0,0,6.4,Mejor que el chocolate (1999),133
Crimen,1999,0,0,6.8,Payback (1999),97
"Comedia,Drama,Romance",1999,0,0,6.7,"Sexo, pudor y lagrimas (1999)",237
Drama,1999,0,0,7.7,Magnolia (1999),55
"Aventura,Animacion,Comedia,Familia",2000,0,0,6.2,Rugrats en Paris: la pelicula (2000),136
Drama,2000,0,0,7.6,"Titanes, hicieron historia (2000)",83
"Fantasía,Terror,Suspense",2000,0,0,5.6,Ángeles y demonios 3 (2000),169
"Terror,Cienciaficcion,Suspense",2000,0,0,6.2,La celda (2000),210
"Fantasía,Comedia,Romance",2000,0,0,5.8,Al diablo con el diablo (2000),385
"Comedia,Cienciaficcion,Drama",1999,0,0,7.2,El hombre bicentenario (1999),296
"Comedia,Familia",1998,0,1,7.0,Tu a Londres y yo a California (1998),237
"Accion,Aventura,Familia,Fantasía",1998,0,0,6.0,Mi gran amigo Joe (1998),162
"Aventura,Comedia,Drama,Familia,Fantasía",1998,0,0,5.4,"Babe, el cerdito en la ciudad (1998)",145
"Terror,Cienciaficcion",1998,0,0,5.2,Phantasma IV: Apocalipsis (1998),71
"Aventura,Animacion,Romance,Familia",1998,0,0,5.2,Pocahontas 2: Viaje a un nuevo mundo (1998),260
"Terror,Suspense",1999,0,0,6.1,Stigmata (1999),182
"Accion,Suspense,Aventura",1998,0,0,5.1,Campeon de campeones 4: Sin aliento (1998),69
Comedia,1999,0,0,5.5,Gigolo (1999),213
"Comedia,Familia",1998,0,0,5.8,Un papa de pelicula (1998),129
"Comedia,Drama",1999,0,0,6.4,Un papa genial (1999),310
Familia,1999,0,0,5.4,Campeonas por igual (1999),91
"Drama,Romance",1999,0,0,6.6,Crueles intenciones (1999),236
"Aventura,Animacion,Comedia,Familia",2000,0,0,7.1,La ruta hacia El Dorado (2000),555
"Accion,Comedia,Crimen",1999,0,0,6.2,De ladron a policia (1999),316
"Drama,Aventura,Romance,Suspense",2000,0,0,6.4,La playa (2000),171
"Drama,Crimen,Romance",1999,0,0,6.7,El secreto de Thomas Crown (1999),105
Terror,1999,0,0,3.4,Retro Puppet Master (1999),92
"Accion,Aventura,Comedia,Familia",1999,0,0,4.4,Inspector Gadget (1999),128
"Comedia,Drama,Romance",1998,0,0,6.2,Ya no puedo esperar (1998),83
"Drama,Suspense,Misterio",1997,0,0,7.6,Carretera perdida (1997),69
"Drama,Música,Romance",1998,0,0,6.1,Baila Conmigo (1998),175
"Drama,Romance,Comedia",1998,0,1,7.1,Por siempre jamas (1998),203
"Animacion,Familia,Comedia",1998,0,1,5.9,Rugrats: La pelicula - Aventuras en paniales (1998),110
"Fantasía,Drama,Romance",1998,0,0,7.1,¿Conoces a Joe Black? (1998),286
"Cienciaficcion,Accion",1998,0,0,3.9,"Nick Furia, operacion Manhattan (1998)",105
"Aventura,Animacion,Drama,Familia,Música,Comedia",1998,0,1,7.1,El principe de Egipto (1998),313
"Accion,Cienciaficcion",1999,0,0,4.5,Soldado universal. El retorno (1999),108
"Cienciaficcion,Accion,Terror",1998,0,0,4.7,Species II (Especie mortal II) (1998),211
"Crimen,Drama",1999,0,0,7.5,Boys Don't Cry (1999),68
"Misterio,Suspense,Drama",1999,0,0,7.9,El sexto sentido (1999),226
"Fantasía,Terror,Suspense",1998,0,0,6.0,Ángeles y demonios 2 (1998),138
Drama,1998,0,1,7.4,La delgada linea roja (1998),149
Comedia,1996,0,0,6.5,Terminagolf (Happy Gilmore) (1996),96
"Terror,Misterio,Suspense",1998,0,0,5.2,Aun se lo que hicisteis el ultimo verano (1998),80
"Comedia,Crimen",1998,0,0,6.4,Medio flipado (1998),78
"Terror,Suspense",1996,0,0,7.4,Tesis (1996),252
"Comedia,Drama,Romance",1996,0,0,6.9,Jerry Maguire (1996),91
"Crimen,Suspense",1998,0,0,7.1,Un plan sencillo (1998),48
"Drama,Romance",1996,0,0,6.7,Romeo + Julieta de William Shakespeare (1996),253
"Terror,Suspense",1998,0,0,4.3,Los chicos del maiz V: Campos de terror (1998),38
"Romance,Comedia,Drama,Crimen",1998,0,0,7.2,Buffalo '66 (1998),80
"Drama,Romance",1998,0,0,7.0,Gia (1998),166
"Familia,Animacion",1998,0,0,5.9,En busca del valle encantado VI: El secreto de la roca del saurio (1998),39
"Comedia,Familia",1998,0,0,6.2,"Paulie, el loro bocazas (1998)",123
"Fantasía,Comedia,Romance,Cienciaficcion",1996,0,0,5.6,El profesor chiflado (1996),134
"Comedia,Romance",1998,0,0,6.6,Tienes un e-mail (1998),81
"Accion,Aventura,Cienciaficcion,Familia,Fantasía",1995,0,0,5.4,Power Rangers: La Pelicula (1995),278
"Misterio,Suspense,Drama",1998,0,0,6.3,Juegos salvajes (1998),75
Terror,1995,0,0,5.2,Candyman 2 (1995),76
"Aventura,Animacion,Comedia,Familia",1998,0,0,6.1,Antz (Hormigaz) (1998),147
"Misterio,Cienciaficcion",1998,0,0,7.4,Dark City (1998),96
"Comedia,Drama",1998,0,0,8.1,El show de Truman (Una vida en directo) (1998),189
"Animacion,Familia,Música",1998,0,0,6.0,"Rudolph, el reno de la nariz roja (1998)",60
"Terror,Comedia",1997,0,1,5.4,Un hombre lobo americano en Paris (1997),161
"Crimen,Suspense,Drama",1998,0,0,6.4,Un crimen perfecto (1998),106
"Crimen,Suspense,Drama",2019,0,1,7.4,Diamantes en bruto (2019),2275
Comedia,1995,0,0,6.8,Tommy Boy (1995),62
"Accion,Crimen,Drama,Suspense",1995,0,0,7.8,Heat (1995),287
"Suspense,Accion,Crimen,Misterio",1997,0,0,6.6,Caza al terrorista (1997),94
"Romance,Comedia",1998,0,0,6.6,El chico ideal (1998),157
"Drama,Familia",2011,0,0,6.8,La gran aventura de Winter el delfin (2011),369
"Drama,Suspense",1998,0,0,6.5,Verano de corrupcion (1998),46
Suspense,2020,0,1,6.9,A Traicion (2020),1853
"Accion,Suspense",1997,0,0,6.4,Perdita Durango (1997),51
"Accion,Aventura,Fantasía,Terror,Cienciaficcion,Suspense",1997,0,0,5.2,Spawn (1997),448
"Drama,Misterio,Suspense",2019,0,0,7.0,Huerfanos de Brooklyn (2019),1045
"Terror,Suspense,Misterio",1997,0,0,5.8,Se lo que hicisteis el ultimo verano (1997),98
"Comedia,Drama",1999,0,1,6.4,Ilusiones de un mentiroso (1999),1851
Comedia,1993,0,0,4.9,Este muerto esta muy vivo 2 (1993),954
"Drama,Terror,Cienciaficcion,Romance",1994,0,0,6.3,Frankenstein de Mary Shelley (1994),2278
Drama,2019,0,0,7.6,Aguas oscuras (2019),796
"Drama,Cienciaficcion,Misterio",1997,0,0,7.3,Contact (1997),191
"Terror,Fantasía,Cienciaficcion",1994,0,1,4.8,Puppet Master V (1994),1652
"Aventura,Comedia,Familia,Crimen",1994,0,0,5.9,El peque se va de marcha (1994),2163
"Drama,Música",1993,0,0,7.1,Tina (1993),697
"Drama,Suspense",1997,0,0,7.5,Abre los ojos (1997),64
"Drama,Romance",1993,0,0,7.5,Lo que queda del dia (1993),1125
"Comedia,Cienciaficcion,Familia",1993,0,1,5.1,Los caraconos (1993),1488
"Accion,Suspense",2016,0,1,5.1,Interrogatorio (2016),4141
"Accion,Drama",2014,0,0,5.8,Crows 3 (2014),1135
Comedia,1993,0,1,7.0,Elegidos para el triunfo (1993),957
"Accion,Crimen,Drama",2010,0,0,6.9,Outrage (2010),2763
"Drama,Suspense",2016,0,0,5.4,El cuchillo (2016),1630
"Accion,Crimen,Estrenos2020,Suspense",2020,0,5,6.7,Bad Boys for Life (2020),97098
"Música,Drama,Romance",1993,0,0,6.3,Esa cosa llamada amor (1993),8489
"Accion,Fantasía",2014,0,0,8.5,Baifa monu zhuan zhi mingyue Tianguo (2014),8241
"Drama,Romance",2019,0,4,6.8,Only You (2019),7688
"Cienciaficcion,Suspense,Drama",2019,0,3,6.7,Freaks (2019),11417
"Drama,Suspense",2016,0,0,7.3,El viajante (2016),4651
"Suspense,Drama",2016,0,0,5.9,Una invitada peligrosa (2016),6706
Drama,2019,0,2,6.8,El escandalo (Bombshell) (2019),7616
"Cienciaficcion,Misterio,Drama,Suspense",2019,0,0,6.2,The Room (2019),9227
"Drama,Misterio,Romance,Suspense",2019,0,0,5.7,La musica del terremoto (2019),1925
"Familia,Comedia",2019,0,0,7.0,Noelle (2019),3638
Drama,2019,0,0,5.4,Lucy in the Sky (2019),2240
"Suspense,Drama,Misterio,Terror",2019,0,0,5.0,Serpiente de cascabel (2019),2875
"Romance,Comedia,Familia",2019,0,1,7.0,La Dama y el Vagabundo (2019),10660
"Fantasía,Terror,Accion,Suspense",2002,0,1,6.4,Blade II (2002),4667
Drama,2019,0,0,7.2,The King (2019),4655
Suspense,2018,0,0,7.6,El secreto de la niniera (2018),5284
"Comedia,Romance,Drama",2019,0,2,7.1,Last Christmas (2019),8790
"Comedia,Familia",2019,0,0,7.2,Mentada de Padre (2019),3473
Suspense,2019,0,0,4.3,La trampa de la arania (2019),3423
"Romance,Drama",2019,0,1,6.8,El sol tambien es una estrella (2019),8572
"Drama,Suspense,Fantasía",2019,0,2,5.7,El Silencio (2019),7071
Cienciaficcion,2019,0,1,5.4,3022 (2019),10962
Terror,1977,0,0,6.1,Las colinas tienen ojos (1977),1187
"Terror,Accion",1998,0,1,6.6,Blade (1998),5228
Drama,2019,0,0,5.6,Hijo nativo (2019),2197
"Terror,Suspense",2019,0,0,6.6,Countdown (2019),83873
"Drama,Suspense",2019,0,1,7.0,The Report (2019),1297
"Accion,Drama",2019,0,1,6.0,Ip Man 4 (2019),13697
"Drama,Suspense",2018,0,0,0.0,Pulso (2018),3140
"Drama,Estrenos2019",2019,0,2,7.9,1917 (2019),127981
"Accion,Aventura,Cienciaficcion",2019,2,4,6.6,Star Wars: El ascenso de Skywalker (2019),28489
"Fantasía,Animacion,Aventura",2004,0,7,8.4,El castillo ambulante (2004),8016
"Aventura,Crimen",2018,0,0,6.4,El emperador de Paris (2018),7358
"Animacion,Fantasía,Aventura,Accion,Familia",2019,0,6,8.1,How to Train Your Dragon: Homecoming (2019),25940
"Animacion,Comedia,Cienciaficcion",2007,0,2,7.3,Robot Chicken: Star Wars Episodio I (2007),3323
"Animacion,Familia",2011,0,1,6.7,Toy Story Toons: Pequenio gran Buzz (2011),5899
"Aventura,Animacion,Comedia,Familia,Fantasía",2013,0,0,7.2,Toy Story ¡Terror! (2013),8262
"Suspense,Accion",2019,0,0,5.5,Hard Night Falling (2019),3751
"Terror,Cienciaficcion,Suspense",2019,0,0,4.2,Dark Light (2019),10733
"Comedia,Drama",2019,0,0,6.6,La mejor defensa es un ataque (2019),4150
"Crimen,Accion",2019,0,2,7.2,"The Gangster, the Cop, the Devil (2019)",7338
,2020,0,1,0.0,Crossword Mysteries: Abracadaver (2020),2858
"Terror,Drama,Fantasía",2019,2,1,8.0,El faro (2019),15215
"Suspense,Accion",2019,0,0,4.8,Cold Blood Legacy (2019),7875
"Música,Comedia,Drama",2019,0,0,6.9,Wild Rose (2019),2037
"Terror,Suspense",2019,0,0,3.8,Hex (2019),9351
"Drama,Comedia",2019,0,0,5.8,Litus (2019),1527
"Aventura,Drama,Romance",2019,0,0,6.5,The Aeronauts (2019),7421
"Drama,Comedia",2019,1,2,7.7,Los dos papas (2019),43941
"Accion,Crimen,Drama,Suspense",2019,0,0,5.7,Black and Blue (2019),78807
"Cienciaficcion,Romance",2019,0,1,3.0,ANYA (2019),5884
"Animacion,Accion,Aventura,Comedia",2019,0,2,7.5,Espias con disfraz (2019),72583
"Drama,Música",2018,0,0,7.1,Blaze (2018),1162
"Aventura,Accion,Suspense,Cienciaficcion",1997,0,0,6.9,Starship Troopers (Las brigadas del espacio) (1997),4274
Suspense,2018,0,0,4.0,Una segunda vida (2018),3289
"Animacion,Romance,Fantasía,Drama",2019,0,0,7.8,El tiempo contigo (2019),9152
Comedia,2019,0,2,6.4,Jexi (2019),8986
"Drama,Fantasía",2019,0,0,6.3,A Christmas Carol (2019),12961
"Drama,Aventura,Familia",2019,1,0,7.3,Togo (2019),63368
Drama,2019,2,2,0.0,La noche de las dos lunas (2019),7874
Comedia,1997,0,2,6.5,Mentiroso compulsivo (1997),7587
"Drama,Romance",2019,1,0,4.5,Baby Jane (2019),3309
"Accion,Aventura,Crimen,Suspense,Drama",1997,0,0,5.1,En tierra peligrosa 2 (1997),4041
"Crimen,Suspense,Drama,Comedia",1997,0,0,7.3,Jackie Brown (1997),2618
"Animacion,Familia",1997,2,1,7.6,Anastasia (1997),6279
"Fantasía,Terror,Suspense,Cienciaficcion",1997,0,0,5.9,Mimic (1997),3746
"Aventura,Drama",1997,1,0,7.1,Siete anios en el Tibet (1997),6634
"Drama,Música",1997,5,3,7.1,Selena (1997),9843
"Cienciaficcion,Terror,Accion",1997,0,1,6.0,Alien: Resurreccion (1997),9530
"Aventura,Comedia,Familia,Romance",1997,1,3,5.4,George de la jungla (1997),6409
"Suspense,Accion,Romance,Cienciaficcion,Aventura",1997,1,0,6.0,El santo (1997),4383
"Accion,Aventura,Familia,Fantasía,Cienciaficcion,Suspense",1997,0,3,5.0,Turbo Power Rangers (1997),7343
"Aventura,Fantasía,Accion,Suspense,Cienciaficcion",1997,1,4,7.4,El quinto elemento (1997),8370
"Comedia,Romance",1997,0,2,6.6,La boda de mi mejor amigo (1997),3728
"Drama,Cienciaficcion,Animacion",1997,0,1,8.4,Neon Genesis Evangelion: El Fin del Evangelion (1997),2890
"Comedia,Familia",1997,0,1,6.3,Un ratoncito duro de roer (1997),1539
"Comedia,Familia",1997,0,0,5.8,Good Burger (1997),2457
Drama,1997,0,0,7.0,Kundun (1997),2844
"Drama,Misterio,Suspense,Fantasía",1997,2,1,7.4,Pactar con el diablo (1997),3727
"Accion,Comedia",1997,0,1,5.5,La salchicha peleona (1997),3851
"Drama,Misterio,Suspense,Crimen",1997,0,0,6.4,El coleccionista de amantes (1997),3934
"Comedia,Familia,Drama",1997,1,0,5.3,Air Bud (1997),2633
"Familia,Animacion,Aventura",1997,0,0,5.9,En busca del valle encantado V: La isla misteriosa (1997),1653
"Fantasía,Drama,Comedia,Cienciaficcion",1997,1,0,5.6,El sexto hombre (1997),2643
"Accion,Crimen,Drama",1997,0,2,6.7,Copland (1997),3185
"Accion,Aventura,Drama,Suspense",1996,0,0,6.2,Decision critica (1996),2770
Comedia,1996,0,1,7.0,Una jaula de grillos (1996),1405
"Comedia,Familia,Cienciaficcion",1996,0,0,5.4,Proyecto Alf (1996),2126
"Comedia,Romance",1988,0,1,6.7,El principe de Zamunda (1988),1345
Terror,1996,0,1,4.5,La venganza de Pinocho (1996),5230
"Drama,Suspense,Misterio",1996,0,0,6.4,En honor a la verdad (1996),2105
"Terror,Suspense",1988,0,0,5.9,Halloween 4: El regreso de Michael Myers (1988),1969
"Accion,Aventura,Suspense",1996,0,2,6.0,Daylight (Panico en el tunel) (1996),1782
"Accion,Aventura,Fantasía",1988,0,1,7.0,Willow (1988),1454
"Accion,Aventura,Suspense",1988,0,0,5.9,Rambo III (1988),2235
"Comedia,Terror,Cienciaficcion",1988,0,0,5.6,Critters 2 (1988),877
"Animacion,Drama",1988,0,4,8.4,La tumba de las luciernagas (1988),1896
"Accion,Aventura,Drama",1996,0,1,6.3,Twister (1996),3023
"Accion,Suspense,Misterio",1988,0,0,6.0,Por encima de la ley (1988),1501
"Fantasía,Música",1988,0,0,6.3,Moonwalker (1988),1526
"Accion,Aventura",1995,0,1,5.3,Congo (1995),2380
"Fantasía,Animacion,Familia",1988,0,1,8.1,Mi vecino Totoro (1988),4664
"Accion,Drama",1995,0,0,7.9,Braveheart (1995),5447
"Terror,Misterio,Suspense",1994,0,0,7.3,En la boca del miedo (1994),3045
"Comedia,Familia,Romance",1995,0,3,6.4,Dos por el precio de una (1995),2845
"Drama,Romance",1996,0,1,7.2,El paciente ingles (1996),1837
"Animacion,Comedia",1996,0,0,6.6,Beavis y Butt-Head recorren America (1996),1487
Accion,1995,0,0,5.4,Campeon de campeones 3: La ley del odio (1995),1252
"Accion,Aventura",1995,0,0,5.8,La Isla de las Cabezas Cortadas (1995),1170
"Comedia,Crimen,Drama",1996,0,0,6.8,Bottle Rocket (Ladron que roba a ladron) (1996),1409
"Crimen,Romance,Suspense",1996,0,0,7.0,Lazos ardientes (1996),2589
"Comedia,Terror",1988,0,0,5.8,La divertida noche de los zombies (1988),1611
Terror,1996,0,0,4.6,Los chicos del maiz IV: La reunion (1996),1417
"Drama,Romance",1988,0,0,8.4,Cinema Paradiso (1988),780
"Terror,Cienciaficcion",1988,0,0,6.4,El terror no tiene forma (1988),1434
"Animacion,Aventura,Familia",1988,0,1,7.0,En busca del valle encantado (1988),1326
"Animacion,Aventura,Familia",1995,0,0,6.1,En busca del valle encantado III: La fuente de la vida (1995),1370
"Cienciaficcion,Animacion",1988,0,0,7.9,Akira (1988),1384
Familia,1995,0,0,6.6,Mi amigo Fluke (1995),1761
Drama,1995,0,0,6.6,Mentes peligrosas (1995),1983
Drama,1995,0,0,8.0,El odio (1995),1231
"Comedia,Familia",1996,0,1,5.1,El hijo del presidente (1996),2065
"Drama,Fantasía,Terror,Suspense",1996,1,2,6.4,Jovenes y brujas (1996),5671
"Accion,Aventura,Suspense",1987,0,0,6.4,007: Alta tension (1987),999
"Drama,Terror,Suspense",1987,0,0,6.8,Atraccion fatal (1987),1137
"Aventura,Comedia,Drama,Familia",1996,0,0,6.2,De vuelta a casa 2: Perdidos en San Francisco (1996),3837
Cienciaficcion,1995,0,1,5.6,Juez Dredd (1995),3052
"Accion,Aventura,Cienciaficcion",1996,0,1,6.8,Independence Day (1996),4487
"Accion,Comedia,Drama,Familia",1996,0,0,5.4,El regreso de los mejores (1996),2027
"Fantasía,Accion,Aventura",1996,0,0,4.0,El senior de las bestias III: El ojo de Braxus (1996),1357
"Comedia,Cienciaficcion",1987,0,1,6.8,La loca historia de las galaxias (1987),1024
"Suspense,Accion,Crimen",1987,0,0,5.5,Yo soy la justicia II (1987),804
"Drama,Romance",1995,0,1,7.6,Los puentes de Madison (1995),1693
"Fantasía,Comedia,Familia",1995,0,3,6.2,Casper (1995),3934
"Terror,Fantasía",1987,0,0,6.0,La Puerta (1987),1114
"Crimen,Drama,Cienciaficcion,Suspense",1995,0,0,7.0,Dias extranios (1995),1608
"Animacion,Drama,Familia",1995,0,0,7.9,Susurros del corazon (1995),1778
"Terror,Accion,Suspense,Crimen",1996,0,0,7.0,Abierto hasta el amanecer (1996),3057
"Comedia,Drama,Cienciaficcion",1996,1,0,6.1,Jack (1996),3251
"Accion,Aventura,Crimen,Suspense",1995,0,1,6.2,Asesinos (1995),4308
"Drama,Suspense,Romance",1996,0,1,6.3,Pasion obsesiva (1996),5725
"Familia,Animacion,Aventura",1996,0,0,6.0,En busca del valle encantado IV: Viaje a la tierra de las brumas (1996),1390
"Accion,Suspense,Aventura",2019,0,6,7.0,6 en la sombra (2019),135977
"Accion,Drama",1987,0,0,6.1,"Yo, el halcon (1987)",975
"Accion,Terror,Cienciaficcion,Comedia",1986,0,0,5.5,La rebelion de las maquinas (1986),2294
"Comedia,Fantasía,Cienciaficcion",1986,0,0,5.2,Howard: Un nuevo heroe (1986),821
"Terror,Cienciaficcion",1986,0,1,7.3,La mosca (1986),1929
"Cienciaficcion,Terror,Accion",1995,0,0,5.7,Species (Especie mortal) (1995),3685
"Suspense,Accion",1995,0,0,7.1,Marea roja (1995),1334
"Accion,Crimen,Suspense",1986,0,1,5.8,"Cobra, el brazo fuerte de la ley (1986)",1506
"Comedia,Romance",1995,0,2,6.8,Mientras dormias (1995),3498
"Accion,Aventura,Suspense,Drama",1995,0,0,5.7,Muerte subita (1995),2062
,1995,0,0,8.8,Disney Sing-Along-Songs: Pocahontas - Colors of the Wind (1995),775
"Romance,Animacion,Familia,Comedia,Aventura",1995,0,2,6.9,Goofy e hijo (1995),5348
Drama,1995,0,0,7.4,Apolo 13 (1995),1802
Accion,1991,0,0,6.1,Buscando justicia (1991),1071
"Accion,Fantasía",1995,0,0,5.6,Mortal Kombat (1995),3394
Aventura,1994,0,1,5.1,El nuevo Karate Kid (1994),940
"Fantasía,Cienciaficcion,Familia,Animacion",1994,0,0,6.4,El guardian de las palabras (1994),1255
"Comedia,Familia,Romance",1994,0,0,5.0,Junior (1994),2131
"Suspense,Terror,Cienciaficcion",1995,0,0,5.9,El pueblo de los malditos (1995),4112
"Drama,Romance",1995,0,0,7.9,Antes de amanecer (1995),3918
Aventura,1995,0,0,6.7,"Rob Roy, la pasion de un rebelde (1995)",1289
"Comedia,Drama",1991,0,1,7.1,Mi chica (1991),2457
"Accion,Comedia",1991,0,0,6.5,Hot Shots! (1991),1209
"Drama,Suspense",1991,0,0,7.7,JFK: Caso abierto (1991),746
"Suspense,Crimen",1990,0,0,6.7,El rey de Nueva York (1990),858
"Comedia,Terror,Fantasía",1990,0,0,6.4,Gremlins 2: La nueva generacion (1990),3749
"Accion,Aventura,Suspense",1990,0,2,7.4,La caza del Octubre Rojo (1990),1137
"Fantasía,Drama,Suspense,Misterio,Romance",1990,3,2,7.1,Ghost (Mas alla del amor) (1990),3699
"Aventura,Animacion,Fantasía",1994,0,1,7.2,Pompoko (1994),890
"Drama,Familia,Fantasía,Aventura",1990,0,1,5.6,La historia interminable II: El siguiente capitulo (1990),1514
"Cienciaficcion,Suspense,Misterio",1995,1,2,7.6,12 monos (1995),3653
"Drama,Accion,Western",1994,0,0,6.6,Wyatt Earp (1994),3423
"Drama,Suspense",1990,0,0,7.7,Misery (1990),1570
"Aventura,Accion,Comedia,Suspense,Crimen",1990,0,0,6.1,Dick Tracy (1990),1210
"Aventura,Fantasía,Terror,Familia",1990,0,0,6.7,La maldicion de las brujas (1990),2229
"Accion,Suspense",1994,0,1,4.7,En tierra peligrosa (1994),1961
"Accion,Drama,Suspense",1994,0,0,6.6,Peligro inminente (1994),1628
"Terror,Cienciaficcion,Suspense",1989,0,0,5.3,La mosca II (1989),2047
Comedia,1990,0,0,5.9,Poli de guarderia (1990),887
"Comedia,Misterio",1994,0,2,6.5,"Ace Ventura, un detective diferente (1994)",4354
"Accion,Comedia,Drama,Familia",1994,0,0,5.9,Vuelven los mejores (1994),1198
"Accion,Crimen,Drama",1994,0,0,4.9,El rostro de la muerte (Death Wish V) (1994),1080
"Aventura,Accion",1989,0,1,7.8,Indiana Jones y la ultima cruzada (1989),2109
"Accion,Crimen,Drama,Suspense",1990,0,0,5.8,El principiante (1990),892
"Aventura,Accion",1984,0,0,7.2,Indiana Jones y el templo maldito (1984),1427
"Accion,Aventura,Suspense,Drama,Cienciaficcion",1994,0,1,4.3,"Street Fighter, la ultima batalla (1994)",2317
"Accion,Suspense",1989,0,0,5.7,The Punisher (Vengador) (1989),1869
"Crimen,Suspense,Drama",1994,0,1,7.1,Asesinos natos (1994),1455
"Animacion,Familia,Aventura",1994,0,0,6.2,En busca del valle encantado II: Aventuras en el gran valle (1994),1133
"Accion,Crimen",1989,0,0,6.5,Encerrado (1989),1384
"Aventura,Drama,Accion,Romance",1984,0,0,6.2,Greystoke: La leyenda de Tarzan (1984),853
Drama,1984,0,0,7.5,Los gritos del silencio (1984),411
"Aventura,Accion,Suspense",1989,0,0,6.2,007: Licencia para matar (1989),808
"Terror,Suspense",1989,0,0,5.3,Halloween 5 - La venganza de Michael Myers (1989),1814
"Aventura,Animacion,Fantasía",1984,0,0,7.9,Nausicaä del valle del viento (1984),1934
"Accion,Drama",1989,0,0,6.4,Campeon de campeones (1989),859
"Accion,Aventura,Suspense",1993,0,0,6.3,Maximo riesgo (1993),1792
"Aventura,Fantasía,Accion,Comedia,Familia",1993,0,0,6.3,El ultimo gran heroe (1993),1666
"Accion,Suspense,Crimen,Romance",1993,0,0,7.5,Amor a quemarropa (1993),1453
"Accion,Aventura,Crimen",1993,0,0,6.1,Supercop 2 (1993),1087
"Accion,Comedia",1989,0,0,6.5,Los dioses deben estar locos 2 (1989),2891
"Accion,Suspense",1993,0,0,5.7,Campeon de campeones 2 (1993),954
"Comedia,Drama,Romance",1989,0,0,7.3,Un gran amor (1989),1910
Comedia,1988,0,0,5.9,Los gemelos golpean dos veces (1988),990
"Comedia,Romance",1984,0,0,6.8,Dieciseis velas (1984),1886
"Drama,Familia,Fantasía,Aventura",1984,0,1,7.1,La historia interminable (1984),2493
"Accion,Fantasía",1984,0,0,5.7,Ninja III: La dominacion (1984),402
"Terror,Suspense",1984,0,0,5.7,Los chicos del maiz (1984),1224
"Romance,Cienciaficcion",1984,0,0,6.8,Starman (1984),788
"Aventura,Comedia,Drama,Familia",1993,1,0,6.7,De vuelta a casa: Un viaje increible (1993),2266
"Comedia,Familia,Fantasía,Terror",1993,0,5,6.9,El retorno de las brujas (1993),6212
"Accion,Aventura,Comedia",1993,0,1,6.3,Los tres mosqueteros (1993),1631
Drama,1992,0,0,7.5,Chaplin (1992),847
"Accion,Aventura,Drama,Romance",1992,0,0,7.3,El ultimo mohicano (1992),2429
"Terror,Cienciaficcion",1992,0,0,6.0,Segundo sangriento (1992),1286
"Romance,Crimen,Drama,Suspense",1992,0,0,7.0,Juego de lagrimas (1992),653
Comedia,1984,0,0,7.1,Top Secret! (1984),857
"Suspense,Terror",1984,0,0,5.7,"Noche de paz, noche de muerte (1984)",1240
"Aventura,Accion,Suspense",1983,0,0,6.3,007: Octopussy (1983),791
"Drama,Familia,Fantasía",1993,0,1,7.2,El jardin secreto (1993),2813
"Comedia,Cienciaficcion,Romance,Terror",1993,0,0,5.9,El regreso de los muertos vivientes 3 (Mortal Zombie) (1993),2338
"Drama,Misterio,Suspense",1993,0,0,6.7,La tapadera (1993),741
"Drama,Terror,Suspense",1992,0,0,6.3,Candyman: El dominio de la mente (1992),1409
"Comedia,Cienciaficcion",1992,1,0,3.0,Space Case (1992),443
"Comedia,Familia",1992,0,0,6.4,Somos los mejores (1992),1075
"Terror,Misterio,Cienciaficcion",1982,0,0,5.0,Halloween III: El dia de la bruja (1982),1096
"Drama,Familia",1983,0,0,6.5,Como unia y carne (1983),342
"Accion,Aventura,Suspense",1992,0,0,5.7,Pasajero 57 (1992),1623
"Cienciaficcion,Drama,Misterio",1993,0,0,6.5,Fuego en el cielo (1993),2267
"Aventura,Accion,Suspense",1983,0,0,6.1,007: Nunca digas nunca jamas (1983),552
"Western,Accion",1993,0,1,7.5,Tombstone: la leyenda de Wyatt Earp (1993),2969
"Crimen,Accion,Cienciaficcion",1993,0,0,6.5,Demolition Man (1993),2979
"Aventura,Comedia,Familia,Cienciaficcion",1992,0,1,5.1,"Carinio, he agrandado al ninio (1992)",1548
"Suspense,Accion,Drama,Música,Romance",1992,0,0,6.5,El guardaespaldas (1992),2764
"Romance,Drama",1993,0,1,6.1,Una proposicion indecente (1993),3751
"Crimen,Drama",1992,0,0,6.9,Al sur de Los Ángeles (1992),1271
Drama,1992,0,0,7.7,Esencia de mujer (1992),893
"Cienciaficcion,Terror",1983,1,0,5.5,Pesadillas (1983),748
"Cienciaficcion,Suspense",1992,0,0,5.2,Nemesis (1992),771
"Terror,Suspense",1983,0,0,6.0,Cujo (1983),609
"Accion,Crimen,Drama,Suspense",1983,0,0,5.9,La venganza del Ninja (1983),642
"Suspense,Accion,Crimen,Drama",1991,0,0,5.5,Doble impacto (1991),2823
"Accion,Aventura,Comedia,Estrenos2019,Fantasía",2019,8,34,7.0,Jumanji: siguiente nivel (2019),439758
"Crimen,Drama,Suspense",1983,0,0,7.1,Bad Boys (1983),1171
Terror,1993,0,0,4.9,Los chicos del maiz II: El sacrificio final (1993),704
"Terror,Misterio,Cienciaficcion",1982,0,0,8.0,La cosa (El enigma de otro mundo) (1982),1917
"Accion,Aventura,Suspense",1982,0,1,7.4,Acorralado (1982),1711
"Familia,Comedia",1982,0,0,8.2,El chanfle 2 (1982),678
"Accion,Crimen,Drama,Misterio,Suspense",1991,0,0,6.6,Llamaradas (1991),1127
Terror,1982,0,0,5.8,Amityville II: La posesion (1982),1463
"Accion,Aventura,Fantasía,Cienciaficcion",1991,0,0,4.8,El senior de las bestias 2: La puerta del tiempo (1991),912
"Terror,Misterio,Suspense",1982,1,0,6.4,El Ente (1982),1418
"Crimen,Drama",1991,0,1,7.5,Los chicos del barrio (1991),2377
"Accion,Aventura,Cienciaficcion,Familia",1991,0,2,6.4,Rocketeer (1991),2259
"Comedia,Terror,Cienciaficcion",1991,0,0,4.8,Critters 3 (1991),1140
"Aventura,Fantasía,Comedia,Familia",1991,0,0,6.9,Hook (El capitan Garfio) (1991),1287
"Aventura,Drama",1991,0,0,5.6,Regreso al lago azul (1991),1313
"Accion,Aventura,Familia",1985,0,0,6.9,El secreto de la piramide (1985),600
"Accion,Comedia,Terror,Cienciaficcion,Suspense",1986,0,0,6.0,Critters (1986),1794
"Terror,Misterio,Suspense",1986,0,0,5.9,Witchboard: Juego diabolico (1986),1094
"Accion,Comedia,Drama",1986,0,0,6.7,El sargento de hierro (1986),820
"Familia,Cienciaficcion,Aventura",1986,0,0,7.0,El vuelo del navegante (1986),1095
"Accion,Aventura,Drama",1986,0,0,5.7,"Quicksilver, la pista rapida del exito (1986)",880
"Accion,Aventura,Suspense",1985,0,0,6.4,Rambo: Acorralado Parte II (1985),2579
"Comedia,Terror",1985,0,0,7.3,El regreso de los muertos vivientes (1985),1842
"Crimen,Terror,Suspense",1986,0,0,7.0,Hunter (1986),567
"Accion,Aventura,Suspense",1985,0,0,6.6,Comando (1985),1462
"Animacion,Fantasía,Terror",1985,0,0,6.7,Vampire Hunter D (1985),1453
"Comedia,Romance,Cienciaficcion",1985,0,1,6.4,La mujer explosiva (1985),1247
"Comedia,Fantasía,Romance",1985,0,1,6.1,Teen Wolf (De pelo en pecho) (1985),1417
"Terror,Cienciaficcion",1985,0,0,7.0,El dia de los muertos (1985),1531
"Comedia,Cienciaficcion",1985,0,0,7.7,Brazil (1985),817
"Aventura,Fantasía",1985,0,0,7.0,Lady Halcon (1985),723
"Accion,Aventura,Comedia,Romance",1985,0,0,6.2,La joya del Nilo (1985),851
Drama,1985,0,0,7.8,El color purpura (1985),839
"Accion,Comedia",1985,0,0,5.7,El hombre con un zapato rojo (1985),699
"Accion,Crimen,Drama,Suspense",1985,0,0,6.1,El justiciero de la noche (1985),631
Comedia,1984,0,2,5.9,Despedida de soltero (1984),1835
"Accion,Drama",1985,0,0,6.6,La leyenda de Billie Jean (1985),675
"Crimen,Misterio,Suspense",1984,0,0,6.7,Doble cuerpo (1984),1485
"Terror,Misterio,Suspense",1984,0,0,6.1,La iniciacion (1984),809
